team,opponent,goals_for,goals_against,xg_for,xg_against,shots_for,shots_against,penalty_minutes,home,win,loss,goal_diff,xg_diff
thailand,pakistan,1,3,2.8230999999999997,2.7516,21,24,16,1,0,1,-2,0.0714999999999999
switzerland,kazakhstan,4,3,1.9254,3.3189,20,30,20,1,1,0,1,-1.3935000000000002
serbia,rwanda,4,5,3.6712,3.024,30,27,16,1,0,1,-1,0.6471999999999998
brazil,netherlands,5,0,3.5905,2.5261,32,27,20,1,1,0,5,1.0644
india,morocco,2,3,3.4592,3.7658000000000005,32,29,16,1,0,1,-1,-0.3066000000000004
peru,saudi_arabia,0,1,3.3131,2.5685000000000002,35,23,24,1,0,1,-1,0.7445999999999997
china,pakistan,4,3,2.1864,3.3309,20,34,12,1,1,0,1,-1.1445000000000003
switzerland,uk,1,4,1.5251,2.7155,18,26,12,1,0,1,-3,-1.1904000000000001
serbia,philippines,2,1,2.4898,2.4407,24,27,12,1,1,0,1,0.0490999999999997
germany,canada,5,1,3.1746,2.1493,29,19,10,1,1,0,4,1.0252999999999997
guatemala,ethiopia,4,2,3.1553,1.7116,31,21,14,1,1,0,2,1.4437
south_korea,oman,4,2,3.2679,1.873,30,18,20,1,1,0,2,1.3949
mongolia,new_zealand,2,7,2.4405,3.4256,26,30,16,1,0,1,-5,-0.9851000000000001
canada,panama,2,4,2.8035,2.3543,24,22,8,1,0,1,-2,0.44920000000000027
netherlands,iceland,0,4,2.2677,2.0596,19,20,18,1,0,1,-4,0.20809999999999995
indonesia,uae,2,1,2.3026999999999997,1.7261,27,15,16,1,1,0,1,0.5765999999999998
mexico,usa,4,3,3.8837,2.001,32,18,12,1,1,0,1,1.8827000000000003
panama,rwanda,5,1,3.5503,2.2175,25,24,10,1,1,0,4,1.3328000000000002
kazakhstan,france,1,6,1.4778,3.4081,15,29,12,1,0,1,-5,-1.9303000000000001
brazil,singapore,5,4,5.3765,3.3193,39,37,19,1,1,0,1,2.0572
thailand,vietnam,3,1,3.1693000000000002,2.8072,23,30,12,1,1,0,2,0.3621000000000003
thailand,switzerland,5,0,4.5169999999999995,0.8815,35,12,10,1,1,0,5,3.6354999999999995
ethiopia,france,3,6,3.271,3.024,30,28,16,1,0,1,-3,0.2469999999999999
rwanda,germany,2,1,2.6954,2.5322999999999998,23,20,14,1,1,0,1,0.16310000000000002
switzerland,ethiopia,4,3,4.0929,3.1363,41,31,30,1,1,0,1,0.9566000000000003
canada,saudi_arabia,5,3,1.8603,2.2325,19,23,12,1,1,0,2,-0.37219999999999986
philippines,kazakhstan,1,0,1.5471,2.3172,17,29,4,1,1,0,1,-0.7701000000000002
netherlands,india,2,3,4.0264,2.2817,34,28,8,1,0,1,-1,1.7447
iceland,uk,1,4,2.8753,3.1719,25,30,11,1,0,1,-3,-0.29659999999999975
uae,new_zealand,2,5,2.3761,4.9233,21,38,16,1,0,1,-3,-2.5472
vietnam,peru,2,3,4.3044,2.7586,42,26,12,1,0,1,-1,1.5458000000000003
serbia,china,1,7,3.098,3.3221999999999996,28,30,10,1,0,1,-6,-0.22419999999999973
mexico,guatemala,2,6,2.5339,2.3632,24,25,10,1,0,1,-4,0.17070000000000007
indonesia,mongolia,5,1,3.4311000000000003,0.9396,29,12,0,1,1,0,4,2.4915000000000003
morocco,singapore,5,2,3.2949,3.212,30,32,12,1,1,0,3,0.08289999999999997
uae,morocco,0,7,2.2586,4.6517,26,41,23,1,0,1,-7,-2.3931
panama,pakistan,2,3,3.1242,2.8035,26,26,6,1,0,1,-1,0.3207
brazil,usa,2,1,1.9207,3.8882,15,33,24,1,1,0,1,-1.9674999999999998
ethiopia,saudi_arabia,2,3,2.8853,3.6744,27,35,14,1,0,1,-1,-0.7890999999999999
serbia,oman,3,2,4.5167,2.7824,35,26,14,1,1,0,1,1.7343000000000002
uk,usa,2,1,3.8018,2.9006,30,25,6,1,1,0,1,0.9012000000000002
south_korea,kazakhstan,7,2,2.8254,2.8966,26,24,14,1,1,0,5,-0.07119999999999971
mongolia,morocco,4,5,2.7336,3.0033,33,27,8,1,0,1,-1,-0.26969999999999983
iceland,netherlands,0,3,1.1889,2.4712,14,26,12,1,0,1,-3,-1.2823
guatemala,canada,4,0,2.9812,2.3840000000000003,25,27,16,1,1,0,4,0.5971999999999995
germany,vietnam,6,1,3.8338,1.5686,27,13,12,1,1,0,5,2.2652
france,saudi_arabia,4,3,2.8418,3.2648,26,29,14,1,1,0,1,-0.42300000000000004
singapore,thailand,5,6,3.4866,3.9502,33,34,12,1,0,1,-1,-0.4636
france,pakistan,3,4,2.581,4.1845,22,36,6,1,0,1,-1,-1.6035
china,peru,4,5,2.1611,3.614,21,39,18,1,0,1,-1,-1.4529
philippines,uae,3,4,3.0446999999999997,2.3407,27,26,10,1,0,1,-1,0.7039999999999997
brazil,mexico,4,3,2.8258,2.5998,26,25,18,1,1,0,1,0.22599999999999998
rwanda,panama,2,3,1.97,3.6779,20,30,12,1,0,1,-1,-1.7079000000000002
switzerland,india,1,2,2.6419,1.2089,28,14,12,1,0,1,-1,1.433
thailand,brazil,1,2,3.2779000000000003,2.1804,24,21,4,1,0,1,-1,1.0975000000000001
mexico,france,2,3,3.4847,2.3984,31,22,12,1,0,1,-1,1.0863
uk,saudi_arabia,3,0,2.8485,2.0118,24,19,8,1,1,0,3,0.8367
south_korea,mexico,4,3,4.1558,2.5492,38,25,12,1,1,0,1,1.6066000000000003
oman,indonesia,3,1,3.3428,2.135,24,22,14,1,1,0,2,1.2078000000000002
peru,germany,4,5,3.8488,2.1281,31,21,6,1,0,1,-1,1.7207000000000003
new_zealand,guatemala,1,4,2.9713,3.7987,31,34,15,1,0,1,-3,-0.8274000000000004
rwanda,mongolia,1,4,2.0728,1.8954,19,20,6,1,0,1,-3,0.1774
serbia,ethiopia,1,4,3.9392,4.1826,34,37,19,1,0,1,-3,-0.24339999999999984
uae,china,4,5,4.2933,3.1698,35,30,12,1,0,1,-1,1.1235000000000004
usa,netherlands,4,5,3.7184,2.2978,34,22,10,1,0,1,-1,1.4205999999999999
pakistan,kazakhstan,3,0,3.1125,1.8738,25,16,25,1,1,0,3,1.2387
switzerland,canada,5,1,2.6583,2.5002,25,24,14,1,1,0,4,0.15810000000000013
singapore,south_korea,5,4,3.9369000000000005,2.8919,32,29,8,1,1,0,1,1.0450000000000004
new_zealand,kazakhstan,2,1,2.5737,3.2426,20,23,12,1,1,0,1,-0.6688999999999998
vietnam,panama,5,2,3.1986,2.6370999999999998,28,21,12,1,1,0,3,0.5615000000000001
morocco,philippines,4,2,3.7589,2.4274,34,26,10,1,1,0,2,1.3315000000000001
rwanda,singapore,0,3,2.8026999999999997,2.9652,28,28,18,1,0,1,-3,-0.1625000000000001
serbia,saudi_arabia,5,4,2.7532,3.9424999999999994,26,29,28,1,1,0,1,-1.1892999999999994
morocco,china,3,2,2.3294,2.8881,23,29,12,1,1,0,1,-0.5587
panama,brazil,0,6,1.4819,3.6864999999999997,18,31,12,1,0,1,-6,-2.2045999999999997
thailand,ethiopia,1,5,3.2164,2.3859,25,27,12,1,0,1,-4,0.8305000000000002
south_korea,india,3,7,2.6878,3.3395,24,27,16,1,0,1,-4,-0.6517
mongolia,pakistan,2,1,3.4268,3.424,30,30,10,1,1,0,1,0.0028000000000001357
usa,canada,6,5,2.7803,3.405,25,31,10,1,1,0,1,-0.6246999999999998
iceland,netherlands,2,1,2.0438,3.5524,19,30,28,1,1,0,1,-1.5086
oman,uk,4,5,2.8284,3.6975000000000002,25,30,14,1,0,1,-1,-0.8691000000000004
vietnam,mexico,3,4,2.586,2.659,26,24,8,1,0,1,-1,-0.07299999999999995
switzerland,indonesia,3,4,2.7903,2.2699000000000003,24,25,14,1,0,1,-1,0.5203999999999995
iceland,germany,4,2,3.5351,2.3199,29,24,4,1,1,0,2,1.2151999999999998
netherlands,kazakhstan,4,1,3.7105,1.6947,28,19,10,1,1,0,3,2.0158
peru,new_zealand,6,1,2.8979,1.1537,21,13,4,1,1,0,5,1.7442
uae,france,4,2,2.5077,2.0765000000000002,21,19,14,1,1,0,2,0.4311999999999996
philippines,guatemala,1,2,2.8295,2.183,29,25,6,1,0,1,-1,0.6465000000000001
kazakhstan,morocco,3,1,2.9099000000000004,1.6551,31,15,12,1,1,0,2,1.2548000000000004
iceland,oman,2,3,3.58,4.5594,32,40,15,1,0,1,-1,-0.9794
uk,brazil,1,2,2.5934,2.9992,22,24,12,1,0,1,-1,-0.40580000000000016
netherlands,rwanda,4,0,4.4027,1.9603,28,23,10,1,1,0,4,2.4424
india,singapore,0,3,3.5939,2.4287,33,24,12,1,0,1,-3,1.1652
china,ethiopia,6,5,5.426,2.8539,49,29,16,1,1,0,1,2.5721000000000003
mexico,philippines,2,1,4.785299999999999,1.6051,36,19,14,1,1,0,1,3.1801999999999992
pakistan,peru,2,0,2.9154,2.1021,24,20,10,1,1,0,2,0.8132999999999999
south_korea,mongolia,5,1,3.8981,1.449,36,19,6,1,1,0,4,2.4490999999999996
serbia,saudi_arabia,3,2,3.5433999999999997,2.1169000000000002,29,22,12,1,1,0,1,1.4264999999999994
switzerland,guatemala,6,1,1.9166,2.4302,26,25,14,1,1,0,5,-0.5136000000000001
panama,canada,11,3,3.898,2.7763,31,27,10,1,1,0,8,1.1217000000000001
new_zealand,usa,4,3,5.7272,3.0822,43,23,18,1,1,0,1,2.645
south_korea,rwanda,4,5,4.6931,3.3729999999999998,38,31,14,1,0,1,-1,1.3201000000000005
vietnam,uk,1,0,2.3862,3.0049,20,23,12,1,1,0,1,-0.6187
france,indonesia,6,3,4.4845999999999995,2.7976,35,25,12,1,1,0,3,1.6869999999999994
brazil,thailand,4,1,3.4282,2.2822,27,22,14,1,1,0,3,1.146
uae,germany,3,2,2.7509,2.2137000000000002,21,23,8,1,1,0,1,0.5371999999999999
france,peru,2,3,2.2032,2.2652,22,21,16,1,0,1,-1,-0.06200000000000028
iceland,brazil,0,2,1.7643,1.9794,20,16,14,1,0,1,-2,-0.21510000000000007
india,new_zealand,2,0,2.1896,2.6035,20,25,10,1,1,0,2,-0.41389999999999993
singapore,netherlands,5,1,4.1082,2.3211,33,22,8,1,1,0,4,1.7871000000000001
china,oman,7,3,5.2954,3.0055,35,28,20,1,1,0,4,2.2899
saudi_arabia,canada,6,1,4.0597,1.4864,35,16,6,1,1,0,5,2.5733000000000006
panama,canada,5,1,2.5171,2.2664,23,22,4,1,1,0,4,0.25070000000000014
switzerland,morocco,4,5,3.4514,3.0471,32,29,16,1,0,1,-1,0.4043000000000001
mongolia,serbia,2,5,2.3367,4.8365,30,38,18,1,0,1,-3,-2.4998
indonesia,uk,3,2,3.0058,3.0455,31,20,10,1,1,0,1,-0.03970000000000029
philippines,guatemala,2,1,3.9114,2.6304,38,27,8,1,1,0,1,1.2810000000000001
kazakhstan,ethiopia,3,4,2.3397,3.4691,24,24,14,1,0,1,-1,-1.1294
mexico,pakistan,5,4,4.2736,3.2857,40,27,20,1,1,0,1,0.9879000000000002
usa,uae,6,0,3.4735,1.8276000000000001,36,21,4,1,1,0,6,1.6459
panama,south_korea,2,3,1.627,3.9055999999999997,15,36,12,1,0,1,-1,-2.2786
morocco,thailand,4,3,2.146,3.6079,25,33,6,1,1,0,1,-1.4619
vietnam,germany,5,4,3.8718,4.5083,29,38,14,1,1,0,1,-0.6365000000000003
rwanda,switzerland,3,4,3.4766,2.5827,25,23,18,1,0,1,-1,0.8938999999999999
oman,china,2,6,3.1386,3.9592,31,31,22,1,0,1,-4,-0.8206000000000002
thailand,saudi_arabia,4,3,4.4671,2.7911,32,26,14,1,1,0,1,1.6760000000000002
china,germany,5,2,4.3488,2.1197,30,24,4,1,1,0,3,2.2291
morocco,kazakhstan,3,1,1.8859000000000001,2.7004,19,27,12,1,1,0,2,-0.8145
pakistan,south_korea,7,5,2.7595,3.7171,25,35,10,1,1,0,2,-0.9575999999999998
rwanda,mongolia,2,3,3.5153,1.6195,30,20,10,1,0,1,-1,1.8958
vietnam,serbia,2,3,2.3965,3.7512,20,31,22,1,0,1,-1,-1.3546999999999998
philippines,ethiopia,1,3,4.2117,1.8972,37,18,14,1,0,1,-2,2.3145000000000007
new_zealand,brazil,4,3,2.8779000000000003,4.2258,33,31,16,1,1,0,1,-1.3478999999999992
oman,switzerland,1,2,1.4752,2.7172,15,26,12,1,0,1,-1,-1.242
india,france,4,0,3.374,1.8119,33,19,12,1,1,0,4,1.5621
ethiopia,serbia,1,4,2.4629000000000003,3.5258000000000003,28,36,8,1,0,1,-3,-1.0629
usa,peru,4,1,2.6696,2.7429,27,26,12,1,1,0,3,-0.07330000000000014
panama,mexico,1,5,2.0311,4.3542000000000005,22,29,26,1,0,1,-4,-2.3231000000000006
indonesia,singapore,3,2,4.1575999999999995,2.9683,38,27,8,1,1,0,1,1.1892999999999994
uae,iceland,2,3,2.6949,2.438,27,26,12,1,0,1,-1,0.2568999999999999
netherlands,guatemala,8,1,4.015499999999999,2.7983000000000002,38,24,12,1,1,0,7,1.2171999999999992
canada,uk,3,2,2.6644,2.819,25,24,10,1,1,0,1,-0.15459999999999985
india,thailand,3,1,2.5825,2.7753,27,25,8,1,1,0,2,-0.19280000000000008
germany,morocco,3,4,3.6186000000000003,2.9495999999999998,30,27,6,1,0,1,-1,0.6690000000000005
saudi_arabia,philippines,2,3,2.4697,2.5324,25,26,8,1,0,1,-1,-0.06269999999999998
ethiopia,brazil,3,2,2.4153,2.2243,26,19,8,1,1,0,1,0.19099999999999984
saudi_arabia,iceland,1,2,2.751,2.0599,22,22,6,1,0,1,-1,0.6911
france,uae,2,3,5.1282000000000005,1.9399,39,19,6,1,0,1,-1,3.188300000000001
indonesia,guatemala,3,4,1.9552,2.9086000000000003,21,28,10,1,0,1,-1,-0.9534000000000002
oman,rwanda,2,1,2.8761,2.5289,22,24,14,1,1,0,1,0.34719999999999995
kazakhstan,uk,3,2,1.9913,3.6706,18,27,8,1,1,0,1,-1.6792999999999998
usa,netherlands,2,3,2.9846,2.6827,30,22,14,1,0,1,-1,0.30189999999999984
pakistan,serbia,5,1,3.8878,2.2580999999999998,36,19,18,1,1,0,4,1.6297000000000001
vietnam,panama,2,1,3.5886,3.1555,30,25,10,1,1,0,1,0.43310000000000004
peru,south_korea,1,2,2.5262000000000002,2.5174,21,29,6,1,0,1,-1,0.008800000000000363
mongolia,mexico,4,0,3.6221,2.4494,26,25,2,1,1,0,4,1.1727000000000003
china,iceland,2,4,2.8613,2.991,26,28,12,1,0,1,-2,-0.12970000000000015
india,peru,2,0,2.17,1.3413,21,15,2,1,1,0,2,0.8287
canada,new_zealand,3,2,4.7623999999999995,3.0146,36,32,8,1,1,0,1,1.7477999999999994
mexico,thailand,3,4,3.1353999999999997,2.4192,30,22,20,1,0,1,-1,0.7161999999999997
netherlands,pakistan,2,1,2.9462,1.9079,23,20,2,1,1,0,1,1.0383000000000002
rwanda,iceland,4,3,2.4326,2.1768,24,18,14,1,1,0,1,0.2557999999999998
ethiopia,panama,1,4,2.9519,3.4752,29,34,16,1,0,1,-3,-0.5232999999999999
serbia,switzerland,1,5,2.213,3.5692,17,41,12,1,0,1,-4,-1.3561999999999999
saudi_arabia,vietnam,4,3,3.9318000000000004,1.2534,28,15,4,1,1,0,1,2.6784000000000003
mongolia,oman,7,5,3.6458,3.1969000000000003,32,30,4,1,1,0,2,0.44889999999999963
canada,uae,4,5,3.3057,3.9328,36,31,28,1,0,1,-1,-0.6271
france,peru,2,8,3.3144,3.3445,27,32,11,1,0,1,-6,-0.030100000000000016
pakistan,mexico,1,0,3.4947,3.4216,30,28,20,1,1,0,1,0.07309999999999972
uk,india,1,4,2.9208,2.1167000000000002,25,20,10,1,0,1,-3,0.8040999999999996
kazakhstan,singapore,3,2,3.7367000000000004,2.4182,34,22,8,1,1,0,1,1.3185000000000002
morocco,germany,4,2,3.5156,2.6856,30,25,10,1,1,0,2,0.8300000000000001
china,philippines,3,1,2.9532,2.3764,25,26,6,1,1,0,2,0.5768
new_zealand,indonesia,2,3,3.7248,2.5194,34,24,10,1,0,1,-1,1.2054
brazil,south_korea,5,4,4.7269000000000005,2.829,41,31,10,1,1,0,1,1.8979000000000004
uae,new_zealand,1,5,0.888,1.7174,8,19,14,1,0,1,-4,-0.8294
oman,saudi_arabia,4,3,3.3019,3.4792,29,25,26,1,1,0,1,-0.17730000000000024
rwanda,uk,3,2,2.8126,3.1551,23,28,20,1,1,0,1,-0.3424999999999998
thailand,indonesia,3,2,3.9622,2.1705,29,21,20,1,1,0,1,1.7917
guatemala,philippines,4,2,3.6717999999999997,2.4827000000000004,31,25,19,1,1,0,2,1.1890999999999994
pakistan,south_korea,3,2,3.451,2.3808,26,23,8,1,1,0,1,1.0702000000000003
mongolia,germany,3,2,4.759,3.2118,43,26,8,1,1,0,1,1.5472000000000001
serbia,singapore,8,2,4.7858,1.69,37,20,6,1,1,0,6,3.0958
mexico,morocco,4,2,2.2455,2.1913,27,23,14,1,1,0,2,0.054199999999999804
india,switzerland,5,0,2.716,1.5854,31,18,8,1,1,0,5,1.1306000000000003
ethiopia,guatemala,4,6,3.4528,3.6351999999999998,37,33,10,1,0,1,-2,-0.1823999999999999
netherlands,kazakhstan,4,3,3.7712000000000003,2.7457,32,25,14,1,1,0,1,1.0255000000000005
china,panama,2,1,3.3895,2.8231,29,22,6,1,1,0,1,0.5663999999999998
iceland,france,4,0,3.4578,3.1283,28,26,20,1,1,0,4,0.32950000000000035
philippines,usa,0,6,2.7680000000000002,2.3726,28,23,8,1,0,1,-6,0.3954000000000004
panama,mongolia,4,2,3.0484,2.3748,25,25,10,1,1,0,2,0.6736
brazil,vietnam,7,0,3.6633,1.2838,26,17,8,1,1,0,7,2.3795
canada,peru,5,3,3.2756,3.2581,27,31,10,1,1,0,2,0.017499999999999627
panama,guatemala,3,2,3.8168,2.2099,39,24,4,1,1,0,1,1.6069
uae,south_korea,3,4,3.2647000000000004,3.1823,28,38,6,1,0,1,-1,0.08240000000000025
peru,morocco,3,4,2.3283,2.8256,28,31,12,1,0,1,-1,-0.4973000000000001
switzerland,thailand,1,4,1.3855,4.3579,18,38,10,1,0,1,-3,-2.9724
mongolia,saudi_arabia,2,1,1.8262,3.2551,21,28,6,1,1,0,1,-1.4289
ethiopia,usa,5,3,2.1894,2.3498,20,22,8,1,1,0,2,-0.1604000000000001
pakistan,rwanda,2,3,3.2155,2.4511000000000003,24,18,18,1,0,1,-1,0.7643999999999997
china,iceland,0,1,3.2892,1.4912999999999998,27,17,6,1,0,1,-1,1.7979000000000003
uk,canada,3,4,2.6863,3.8437,23,32,12,1,0,1,-1,-1.1574
indonesia,serbia,3,2,2.6808,3.6146,24,31,12,1,1,0,1,-0.9337999999999997
south_korea,canada,6,3,2.6339,2.8686000000000003,26,26,14,1,1,0,3,-0.23470000000000013
germany,mexico,2,4,2.5494,2.6141,20,21,10,1,0,1,-2,-0.0647000000000002
kazakhstan,oman,3,4,3.5334,3.2925,30,27,8,1,0,1,-1,0.2408999999999999
panama,uae,4,3,3.0124,1.7227999999999999,26,17,6,1,1,0,1,1.2896
france,netherlands,1,2,2.907,2.8339,24,27,6,1,0,1,-1,0.07310000000000016
singapore,guatemala,2,3,2.5205,2.9383,26,25,18,1,0,1,-1,-0.4177999999999997
uk,new_zealand,2,4,3.3335,3.5099,22,28,10,1,0,1,-2,-0.1764000000000001
brazil,india,7,2,4.4638,2.1889,33,29,12,1,1,0,5,2.2749
vietnam,philippines,3,2,3.5345,1.8243,27,16,14,1,1,0,1,1.7102
kazakhstan,new_zealand,6,9,2.8767,3.0986000000000002,26,30,8,1,0,1,-3,-0.2219000000000002
vietnam,india,2,3,3.9976000000000003,2.7079,34,24,10,1,0,1,-1,1.2897000000000003
brazil,morocco,5,2,2.6833,1.8627,24,23,6,1,1,0,3,0.8206
china,usa,5,1,3.9074,2.7102,31,24,12,1,1,0,4,1.1972
iceland,guatemala,7,4,3.1444,2.9771,36,28,16,1,1,0,3,0.1673
serbia,new_zealand,1,4,2.1085,3.1565,19,31,16,1,0,1,-3,-1.048
south_korea,pakistan,5,4,3.7972,3.5792,29,29,26,1,1,0,1,0.21799999999999997
saudi_arabia,mongolia,2,0,3.6502,1.5601,29,20,2,1,1,0,2,2.0900999999999996
mexico,germany,2,3,2.5044,3.4337999999999997,19,31,14,1,0,1,-1,-0.9293999999999998
rwanda,netherlands,5,1,2.9448,2.3952999999999998,28,19,16,1,1,0,4,0.5495000000000001
uk,singapore,5,6,3.9566,5.7766,33,42,18,1,0,1,-1,-1.8200000000000003
philippines,south_korea,2,1,2.1502,3.8327999999999998,19,34,20,1,1,0,1,-1.6825999999999999
indonesia,netherlands,3,2,2.0773,2.092,21,20,6,1,1,0,1,-0.014699999999999935
panama,thailand,2,1,3.2182,2.8923,27,21,14,1,1,0,1,0.32589999999999986
indonesia,switzerland,2,4,3.1342999999999996,2.2889999999999997,29,25,10,1,0,1,-2,0.8452999999999999
canada,france,2,1,2.9177999999999997,2.0549999999999997,26,19,6,1,1,0,1,0.8628
philippines,oman,2,4,3.113,1.8054000000000001,28,19,6,1,0,1,-2,1.3075999999999999
peru,kazakhstan,1,2,2.0454,2.8929,18,24,16,1,0,1,-1,-0.8475000000000001
uae,ethiopia,5,4,4.3243,1.8041,36,20,6,1,1,0,1,2.5202
canada,thailand,3,1,2.6348000000000003,3.2997,23,28,17,1,1,0,2,-0.6648999999999998
germany,pakistan,5,6,3.8824000000000005,3.7237999999999998,26,33,6,1,0,1,-1,0.15860000000000074
china,saudi_arabia,0,1,3.5344,3.6847,32,38,16,1,0,1,-1,-0.15029999999999966
morocco,switzerland,7,1,3.3883,2.0261,33,29,14,1,1,0,6,1.3622
vietnam,germany,0,5,2.0944000000000003,3.7018999999999997,19,28,14,1,0,1,-5,-1.6074999999999995
south_korea,new_zealand,1,2,3.2166,2.6258,30,20,24,1,0,1,-1,0.5908000000000002
peru,rwanda,4,0,3.3933999999999997,1.6512,27,17,10,1,1,0,4,1.7421999999999997
singapore,philippines,5,6,4.0756000000000006,3.1505,38,26,22,1,0,1,-1,0.9251000000000005
france,kazakhstan,1,4,2.6664000000000003,2.0064,21,18,12,1,0,1,-3,0.6600000000000001
ethiopia,india,3,2,2.567,3.4947,22,37,14,1,1,0,1,-0.9276999999999997
guatemala,iceland,0,1,5.6666,3.5724,52,40,28,1,0,1,-1,2.0942
oman,serbia,2,4,2.2016,2.7748,18,25,16,1,0,1,-2,-0.5731999999999999
uk,usa,2,3,4.4415000000000004,3.7206,35,28,16,1,0,1,-1,0.7209000000000003
brazil,indonesia,4,5,4.2709,2.603,32,28,18,1,0,1,-1,1.6679
mongolia,netherlands,4,0,1.4301,1.9236,18,19,4,1,1,0,4,-0.49350000000000005
thailand,usa,5,4,5.5778,2.3909,36,26,10,1,1,0,1,3.1869
vietnam,uae,3,2,2.6991,2.0167,24,17,14,1,1,0,1,0.6823999999999999
mexico,panama,4,1,3.268,2.6377,24,31,8,1,1,0,3,0.6302999999999996
morocco,usa,6,2,3.7708,2.2971,34,24,14,1,1,0,4,1.4737
rwanda,china,2,7,2.3672,2.9383,25,24,16,1,0,1,-5,-0.5710999999999999
thailand,ethiopia,3,1,4.2104,2.3224,32,24,12,1,1,0,2,1.888
peru,oman,6,5,3.129,3.4051,28,28,18,1,1,0,1,-0.2761
pakistan,mongolia,3,0,4.644,1.8997,36,22,12,1,1,0,3,2.7443
new_zealand,indonesia,4,1,2.9973,1.7406,25,17,10,1,1,0,3,1.2567000000000002
switzerland,singapore,0,1,2.0915,2.7674,23,28,16,1,0,1,-1,-0.6759
guatemala,serbia,2,3,3.0536,3.8689999999999998,24,41,20,1,0,1,-1,-0.8153999999999999
uae,brazil,3,2,3.6557999999999997,2.5517,34,25,6,1,1,0,1,1.1040999999999999
mexico,canada,4,1,2.6092,2.004,24,22,14,1,1,0,3,0.6052
india,kazakhstan,2,3,2.4871,2.4838,23,26,11,1,0,1,-1,0.0032999999999998586
vietnam,iceland,5,6,3.2425,3.5093,30,28,12,1,0,1,-1,-0.2667999999999999
panama,germany,7,1,3.4805,2.0993,30,19,10,1,1,0,6,1.3812000000000002
uk,france,4,2,3.3625,3.0771,26,28,4,1,1,0,2,0.28539999999999965
netherlands,philippines,6,1,3.0529,1.1131,24,15,2,1,1,0,5,1.9398000000000002
south_korea,brazil,2,4,3.2769999999999997,4.8575,33,32,20,1,0,1,-2,-1.5805000000000002
serbia,netherlands,5,2,4.0352,2.3436,33,28,2,1,1,0,3,1.6915999999999998
indonesia,thailand,1,2,2.0231,5.8315,19,41,11,1,0,1,-1,-3.8084000000000002
canada,ethiopia,4,3,3.8553,2.7435,39,29,14,1,1,0,1,1.1118000000000001
singapore,france,4,3,3.045,4.8053,29,39,20,1,1,0,1,-1.7603
saudi_arabia,mexico,4,3,2.3461,2.8565,19,26,11,1,1,0,1,-0.5104000000000002
oman,germany,0,2,3.4396,2.9611,26,22,18,1,0,1,-2,0.4784999999999999
mongolia,uae,1,2,2.3952,2.5221,31,27,8,1,0,1,-1,-0.1269
brazil,peru,2,3,3.2284,2.9332,28,35,14,1,0,1,-1,0.29520000000000035
vietnam,rwanda,5,4,4.0587,4.1704,27,29,15,1,1,0,1,-0.11169999999999991
panama,philippines,1,2,2.4354999999999998,3.5211,25,33,20,1,0,1,-1,-1.0856000000000003
singapore,uk,1,3,2.5768,4.1309000000000005,22,32,19,1,0,1,-2,-1.5541000000000005
pakistan,china,1,4,2.4661,3.8770000000000002,23,28,16,1,0,1,-3,-1.4109000000000003
switzerland,usa,5,1,3.6532999999999998,2.6449000000000003,27,24,16,1,1,0,4,1.0083999999999995
kazakhstan,iceland,2,1,3.8845,2.868,37,26,6,1,1,0,1,1.0165000000000002
usa,thailand,3,6,3.1711,3.2011000000000003,28,26,11,1,0,1,-3,-0.03000000000000025
morocco,south_korea,8,4,2.9001,2.4183,27,28,18,1,1,0,4,0.48180000000000023
france,india,5,3,3.263,3.5993,28,33,10,1,1,0,2,-0.33630000000000004
pakistan,morocco,7,4,4.1216,2.6421,37,22,16,1,1,0,3,1.4794999999999998
thailand,vietnam,9,3,4.5753,1.8459,33,22,8,1,1,0,6,2.7294
philippines,iceland,3,2,3.141,2.9376,23,24,12,1,1,0,1,0.2033999999999998
south_korea,mongolia,4,2,3.7367,1.8866,32,17,16,1,1,0,2,1.8500999999999999
saudi_arabia,brazil,2,3,1.9728999999999999,3.234,21,28,6,1,0,1,-1,-1.2611
usa,france,3,5,3.4183,5.0353,25,37,32,1,0,1,-2,-1.6170000000000004
rwanda,ethiopia,2,5,1.9482,2.5958,20,27,12,1,0,1,-3,-0.6476000000000002
indonesia,china,4,2,1.8408,2.0412999999999997,25,17,8,1,1,0,2,-0.20049999999999968
germany,south_korea,3,7,1.8212000000000002,4.7506,17,37,24,1,0,1,-4,-2.9294000000000002
kazakhstan,canada,6,5,2.6624000000000003,4.1304,22,32,6,1,1,0,1,-1.4679999999999995
germany,oman,3,2,1.9621,4.1615,16,28,18,1,1,0,1,-2.1994000000000002
mexico,new_zealand,2,3,3.0643000000000002,2.2591,23,23,10,1,0,1,-1,0.8052000000000001
panama,guatemala,2,3,2.2765999999999997,4.1083,24,43,14,1,0,1,-1,-1.8317
singapore,netherlands,1,10,2.3545,4.7571,20,42,16,1,0,1,-9,-2.4026000000000005
serbia,uk,2,7,3.4119,3.2589,28,31,12,1,0,1,-5,0.15300000000000002
uae,india,4,2,3.0344,3.3943000000000003,26,36,14,1,1,0,2,-0.3599000000000001
switzerland,peru,3,2,4.2363,3.0236,43,31,12,1,1,0,1,1.2127
singapore,usa,2,0,3.3373000000000004,3.3486000000000002,27,28,10,1,1,0,2,-0.011299999999999866
canada,thailand,3,2,3.1710000000000003,3.2418,31,22,14,1,1,0,1,-0.07079999999999975
morocco,indonesia,1,4,2.8938,2.0594,27,25,8,1,0,1,-3,0.8344
morocco,peru,4,2,2.8173,3.6766,26,30,14,1,1,0,2,-0.8593000000000002
uae,rwanda,4,3,5.2479,2.5331,35,27,15,1,1,0,1,2.7147999999999994
mexico,india,1,2,2.6555,2.3623000000000003,25,28,18,1,0,1,-1,0.2931999999999997
indonesia,ethiopia,3,6,4.0235,2.3354,38,21,14,1,0,1,-3,1.6881000000000004
south_korea,guatemala,3,7,3.8036000000000003,3.3714,36,29,20,1,0,1,-4,0.43220000000000036
germany,mongolia,7,5,4.2274,2.2963,31,24,10,1,1,0,2,1.9311000000000003
china,france,7,6,4.4421,3.4589,33,30,24,1,1,0,1,0.9832000000000001
uk,iceland,1,2,2.9646,2.7041,25,24,12,1,0,1,-1,0.26049999999999995
oman,panama,7,2,3.2437,2.8394,28,26,10,1,1,0,5,0.4043000000000001
pakistan,saudi_arabia,3,1,2.7713,1.6945000000000001,25,15,20,1,1,0,2,1.0768
peru,serbia,5,6,4.0969999999999995,4.3952,42,40,14,1,0,1,-1,-0.29820000000000046
new_zealand,netherlands,2,0,1.5705,3.7451,15,28,26,1,1,0,2,-2.1746
brazil,philippines,1,4,3.1281,1.9272,25,23,14,1,0,1,-3,1.2008999999999999
serbia,kazakhstan,5,1,3.1025,2.9013,27,25,16,1,1,0,4,0.20120000000000005
vietnam,switzerland,2,1,2.5345,2.0353,23,19,6,1,1,0,1,0.4992000000000001
india,saudi_arabia,4,2,2.7513,1.82,27,19,8,1,1,0,2,0.9313
oman,uae,5,4,3.8776,2.8369999999999997,33,23,22,1,1,0,1,1.0406000000000004
panama,kazakhstan,2,3,3.6179,2.165,29,17,16,1,0,1,-1,1.4529
pakistan,guatemala,4,2,3.563,2.208,36,23,6,1,1,0,2,1.355
philippines,serbia,3,2,1.9162000000000001,3.7500999999999998,21,31,8,1,1,0,1,-1.8338999999999996
france,usa,3,0,3.596,1.7559,24,16,10,1,1,0,3,1.8401
mexico,pakistan,1,2,2.7092,2.9556,25,27,26,1,0,1,-1,-0.24639999999999995
brazil,canada,7,4,4.6565,1.5866,35,19,12,1,1,0,3,3.0699000000000005
iceland,switzerland,7,1,3.7774,0.9444,32,12,6,1,1,0,6,2.833
uk,rwanda,4,3,4.7965,2.9492000000000003,38,28,16,1,1,0,1,1.8472999999999997
netherlands,indonesia,2,1,2.6133,2.0378,26,23,14,1,1,0,1,0.5755000000000003
mexico,south_korea,4,0,2.3731,1.7237,21,18,14,1,1,0,4,0.6494
new_zealand,morocco,5,2,3.7612,1.3256999999999999,34,14,8,1,1,0,3,2.4355
peru,singapore,7,3,4.3651,3.2345,38,30,6,1,1,0,4,1.1305999999999998
philippines,thailand,4,5,2.5275,2.6694,27,22,8,1,0,1,-1,-0.14190000000000014
mongolia,guatemala,1,2,2.2592,3.9669,28,39,16,1,0,1,-1,-1.7077
pakistan,mexico,6,0,4.5464,1.9651999999999998,33,18,16,1,1,0,6,2.5812000000000004
mexico,brazil,1,6,2.7186999999999997,3.2121000000000004,28,27,14,1,0,1,-5,-0.4934000000000007
brazil,new_zealand,3,2,3.3454,3.5941,26,30,30,1,1,0,1,-0.24869999999999992
ethiopia,oman,7,3,4.806,3.9402,33,37,13,1,1,0,4,0.8658000000000001
new_zealand,peru,2,1,2.0691,2.893,20,23,12,1,1,0,1,-0.8238999999999996
panama,china,1,4,2.4669000000000003,3.6477,22,32,12,1,0,1,-3,-1.1807999999999996
serbia,usa,7,2,4.300599999999999,1.9691999999999998,34,21,10,1,1,0,5,2.3313999999999995
canada,morocco,4,0,4.865399999999999,2.0136,44,23,4,1,1,0,4,2.8517999999999994
iceland,kazakhstan,2,1,2.8505,2.1149,26,22,12,1,1,0,1,0.7355999999999998
indonesia,germany,4,2,3.2008,2.4301,25,19,14,1,1,0,2,0.7707000000000002
vietnam,saudi_arabia,5,2,2.7883,3.5167,27,27,10,1,1,0,3,-0.7284000000000002
switzerland,france,2,0,1.2708,2.4745,13,24,14,1,1,0,2,-1.2037
netherlands,south_korea,5,4,4.2459999999999996,2.3279,29,29,4,1,1,0,1,1.9180999999999995
philippines,rwanda,4,0,2.5223,2.9265999999999996,26,26,10,1,1,0,4,-0.40429999999999966
uk,uae,1,3,3.0211,2.1164,21,19,12,1,0,1,-2,0.9047000000000001
brazil,rwanda,3,0,2.4804,1.9921,18,24,12,1,1,0,3,0.48829999999999996
india,singapore,3,4,3.7095,4.8877,37,48,12,1,0,1,-1,-1.1782
saudi_arabia,uk,5,4,4.4168,2.7782,32,25,10,1,1,0,1,1.6386000000000003
vietnam,china,3,5,4.3604,3.2683,34,25,12,1,0,1,-2,1.0921000000000003
france,switzerland,4,3,2.8584,1.9225,24,23,4,1,1,0,1,0.9359
kazakhstan,india,1,2,3.9229000000000003,2.3593,35,26,4,1,0,1,-1,1.5636
mongolia,ethiopia,2,6,2.2509,3.2625,26,31,10,1,0,1,-4,-1.0116
oman,netherlands,1,3,1.6708,2.7207,16,25,22,1,0,1,-2,-1.0498999999999998
panama,canada,4,5,3.0571,3.7975000000000003,27,32,16,1,0,1,-1,-0.7404000000000002
guatemala,singapore,2,3,4.0120000000000005,2.0254,33,21,12,1,0,1,-1,1.9866000000000006
oman,india,1,4,2.5179,1.8717,23,18,9,1,0,1,-3,0.6462000000000001
iceland,uae,2,3,3.2652,2.9983000000000004,28,27,24,1,0,1,-1,0.2668999999999997
new_zealand,thailand,1,2,1.8622,3.1083,21,23,14,1,0,1,-1,-1.2460999999999998
philippines,rwanda,4,1,3.1452,2.575,28,25,14,1,1,0,3,0.5701999999999998
china,mexico,3,4,2.7252,2.7602,25,26,17,1,0,1,-1,-0.03500000000000014
indonesia,saudi_arabia,2,3,2.1599,2.5393,21,26,6,1,0,1,-1,-0.37939999999999996
ethiopia,brazil,1,3,2.7948999999999997,3.163,30,30,6,1,0,1,-2,-0.3681000000000001
kazakhstan,singapore,1,3,2.1752000000000002,2.5232,20,21,4,1,0,1,-2,-0.34799999999999986
india,south_korea,3,6,2.4907,3.5297,20,35,18,1,0,1,-3,-1.0390000000000001
morocco,vietnam,5,3,4.2935,2.1705,36,23,14,1,1,0,2,2.1229999999999998
guatemala,usa,6,2,3.9877,2.4292,34,34,8,1,1,0,4,1.5585
uk,vietnam,4,5,3.8033,2.9291,29,28,18,1,0,1,-1,0.8742000000000001
peru,pakistan,2,3,3.0736,3.9513,28,33,18,1,0,1,-1,-0.8776999999999999
panama,france,5,0,2.9765,2.6001,21,24,8,1,1,0,5,0.3764000000000003
oman,canada,2,3,2.6681999999999997,1.9947,23,20,4,1,0,1,-1,0.6734999999999998
uk,iceland,2,0,3.2777999999999996,3.751,27,34,6,1,1,0,2,-0.4732000000000003
germany,uae,2,6,1.4814,3.3817,14,31,16,1,0,1,-4,-1.9002999999999999
mongolia,serbia,1,2,2.9834,3.5492,35,32,14,1,0,1,-1,-0.5657999999999999
switzerland,netherlands,0,2,1.7052,2.6894,18,24,12,1,0,1,-2,-0.9842
china,india,4,1,3.3621999999999996,2.0683,29,24,8,1,1,0,3,1.2938999999999998
saudi_arabia,morocco,4,0,2.3729,2.7426,25,29,10,1,1,0,4,-0.3696999999999999
mexico,rwanda,4,3,2.8487,2.2127,29,24,10,1,1,0,1,0.6360000000000001
thailand,france,5,4,3.1379,4.1225,23,31,16,1,1,0,1,-0.9845999999999995
uae,serbia,2,1,2.4453,2.0307,26,22,10,1,1,0,1,0.4146000000000001
panama,pakistan,3,4,3.2525,2.4871,26,22,10,1,0,1,-1,0.7654000000000001
canada,ethiopia,2,4,2.5682,3.7757,25,31,12,1,0,1,-2,-1.2075
guatemala,philippines,3,2,3.1435999999999997,2.2884,27,32,10,1,1,0,1,0.8551999999999995
germany,usa,3,7,3.9229000000000003,3.9954,33,33,12,1,0,1,-4,-0.07249999999999979
brazil,oman,2,1,4.1721,2.5872,28,28,10,1,1,0,1,1.5849000000000002
south_korea,indonesia,3,7,2.2328,3.4256,23,33,16,1,0,1,-4,-1.1928
france,uk,5,3,3.5366,3.3006,28,28,10,1,1,0,2,0.23599999999999977
thailand,iceland,5,1,3.6693,2.904,32,26,18,1,1,0,4,0.7652999999999999
new_zealand,switzerland,3,2,2.5506,4.6888000000000005,18,34,20,1,1,0,1,-2.1382000000000003
philippines,peru,1,0,2.9396,2.1473,29,20,4,1,1,0,1,0.7923
kazakhstan,vietnam,2,1,5.7669,3.031,45,27,12,1,1,0,1,2.7358999999999996
singapore,mongolia,3,4,3.6531000000000002,3.3802,27,36,8,1,0,1,-1,0.27290000000000036
peru,netherlands,1,2,2.936,2.3372,31,23,21,1,0,1,-1,0.5987999999999998
serbia,south_korea,4,1,2.7184,2.6442,25,31,2,1,1,0,3,0.07419999999999982
kazakhstan,saudi_arabia,2,1,1.6976000000000002,2.4847,15,21,4,1,1,0,1,-0.7870999999999999
thailand,morocco,6,1,3.2072,2.2519,30,24,22,1,1,0,5,0.9552999999999998
rwanda,peru,2,4,2.1867,3.5465999999999998,20,33,24,1,0,1,-2,-1.3598999999999997
pakistan,iceland,0,5,2.8982,2.3304,24,20,18,1,0,1,-5,0.5678000000000001
panama,uk,4,5,3.4339,3.2557,26,30,6,1,0,1,-1,0.17819999999999991
new_zealand,switzerland,6,3,2.3417,3.2215,21,28,16,1,1,0,3,-0.8797999999999999
india,vietnam,4,3,3.5978,2.211,31,22,10,1,1,0,1,1.3868
canada,china,1,4,3.5139,2.6961999999999997,37,21,12,1,0,1,-3,0.8177000000000003
vietnam,indonesia,3,5,3.8434,3.7832,32,34,8,1,0,1,-2,0.06020000000000003
philippines,germany,2,3,3.1042,3.8101,31,31,20,1,0,1,-1,-0.7058999999999997
brazil,ethiopia,6,3,4.1467,3.3205,33,35,12,1,1,0,3,0.8262
usa,india,4,3,2.5624000000000002,2.9802,24,26,20,1,1,0,1,-0.4177999999999997
oman,mongolia,2,3,4.2196,2.4951,32,23,6,1,0,1,-1,1.7245
uae,guatemala,3,2,2.9905,3.8059000000000003,27,35,17,1,1,0,1,-0.8154000000000003
netherlands,mexico,3,2,2.9057,3.5212,27,40,12,1,1,0,1,-0.6154999999999999
singapore,france,2,1,3.5197000000000003,2.9097,25,25,14,1,1,0,1,0.6100000000000003
germany,thailand,3,4,4.299799999999999,3.9891,34,29,18,1,0,1,-1,0.3106999999999993
saudi_arabia,canada,3,2,3.1115,2.6092,28,26,10,1,1,0,1,0.5023
canada,oman,3,4,3.2208,3.4375,24,28,8,1,0,1,-1,-0.2166999999999999
saudi_arabia,pakistan,1,4,2.7008,3.0368,21,30,8,1,0,1,-3,-0.33599999999999985
kazakhstan,serbia,4,2,2.6997,3.1984,27,28,14,1,1,0,2,-0.4986999999999999
rwanda,ethiopia,3,4,3.2561,2.8632,27,23,8,1,0,1,-1,0.3929
mongolia,singapore,7,3,3.9680000000000004,2.4184,36,23,4,1,1,0,4,1.5496000000000003
peru,indonesia,2,3,2.6074,2.6575,25,25,16,1,0,1,-1,-0.05010000000000003
morocco,china,1,0,2.3291,2.6563,28,29,2,1,1,0,1,-0.32719999999999994
panama,guatemala,5,6,3.7024,3.2145,32,32,16,1,0,1,-1,0.4878999999999998
india,usa,2,0,3.2500999999999998,1.538,28,15,10,1,1,0,2,1.7120999999999997
south_korea,philippines,4,3,5.1832,2.8085,47,27,24,1,1,0,1,2.3747000000000003
france,morocco,3,2,3.4075,3.0509,31,27,18,1,1,0,1,0.35660000000000025
germany,iceland,5,4,2.9139,3.0934,27,26,8,1,1,0,1,-0.1795
mexico,iceland,4,2,4.2481,1.7979,34,19,4,1,1,0,2,2.4501999999999997
switzerland,new_zealand,4,3,3.7707,4.9784999999999995,38,44,28,1,1,0,1,-1.2077999999999993
netherlands,vietnam,2,3,3.6823,1.9585000000000001,28,23,8,1,0,1,-1,1.7238
switzerland,iceland,0,1,2.2958000000000003,2.4045,20,24,8,1,0,1,-1,-0.1086999999999998
philippines,netherlands,3,2,2.3075,1.8174,27,16,16,1,1,0,1,0.4901000000000002
china,uae,2,0,2.4751,2.4989,24,23,14,1,1,0,2,-0.023800000000000043
thailand,brazil,3,6,3.7417999999999996,2.8873,33,25,16,1,0,1,-3,0.8544999999999994
usa,india,4,3,4.1051,3.6565,31,34,18,1,1,0,1,0.44860000000000033
serbia,guatemala,1,6,3.1249000000000002,2.4396,35,26,24,1,0,1,-5,0.6853000000000002
india,usa,5,4,2.9416,3.3559,28,32,18,1,1,0,1,-0.4142999999999999
serbia,pakistan,5,1,3.1109,2.8301,27,29,8,1,1,0,4,0.28080000000000016
germany,china,2,3,2.3107,3.8446000000000002,19,30,6,1,0,1,-1,-1.5339
peru,mexico,1,2,2.2736,2.0703,24,21,10,1,0,1,-1,0.20330000000000004
pakistan,uae,4,0,2.9742,1.9813,29,19,20,1,1,0,4,0.9929000000000001
guatemala,netherlands,4,0,2.3145,2.505,25,30,10,1,1,0,4,-0.1905000000000001
france,thailand,2,1,2.8247999999999998,2.2197,27,17,8,1,1,0,1,0.6050999999999997
saudi_arabia,rwanda,4,2,3.867,2.7359,30,26,12,1,1,0,2,1.1311
ethiopia,uk,1,6,3.0923,3.0854999999999997,27,25,22,1,0,1,-5,0.006800000000000139
kazakhstan,south_korea,5,0,4.1695,1.3887,35,13,6,1,1,0,5,2.7808
oman,morocco,6,5,3.3498,3.2666999999999997,30,32,18,1,1,0,1,0.0831000000000004
philippines,indonesia,4,3,3.3724,2.5261,28,25,12,1,1,0,1,0.8462999999999998
ethiopia,mongolia,2,1,3.0645,2.0284999999999997,28,24,8,1,1,0,1,1.036
singapore,new_zealand,6,1,4.9532,3.2443999999999997,35,30,16,1,1,0,5,1.7088
serbia,panama,4,5,3.0437,3.7805999999999997,29,34,10,1,0,1,-1,-0.7368999999999999
canada,iceland,3,7,3.9868,3.55,34,32,14,1,0,1,-4,0.4368000000000003
switzerland,vietnam,1,0,3.4053,2.1896,27,22,8,1,1,0,1,1.2157
mongolia,brazil,3,4,2.9786,2.1799,32,15,26,1,0,1,-1,0.7987000000000002
rwanda,saudi_arabia,6,0,2.8146,1.8239,29,16,12,1,1,0,6,0.9906999999999999
germany,thailand,3,4,2.9486,3.6186,28,28,8,1,0,1,-1,-0.6699999999999999
france,china,1,2,3.4705,2.6376999999999997,30,24,4,1,0,1,-1,0.8328000000000002
ethiopia,pakistan,2,3,3.9555,3.7580999999999998,34,36,18,1,0,1,-1,0.19740000000000002
indonesia,brazil,3,4,2.1241,2.4152,23,22,6,1,0,1,-1,-0.29110000000000014
uae,usa,4,3,2.4256,3.075,25,28,16,1,1,0,1,-0.6494
peru,uae,0,1,3.652,2.0852,33,21,8,1,0,1,-1,1.5668000000000002
mexico,serbia,2,1,3.9560999999999997,3.231,35,36,8,1,1,0,1,0.7250999999999999
new_zealand,india,0,2,4.3979,1.8871,37,19,8,1,0,1,-2,2.5107999999999997
canada,mongolia,2,1,2.1998,2.3226,21,27,12,1,1,0,1,-0.1227999999999998
netherlands,usa,7,3,6.4725,1.5973000000000002,40,18,6,1,1,0,4,4.8751999999999995
singapore,kazakhstan,5,2,3.0717,3.2418,27,34,8,1,1,0,3,-0.17010000000000014
guatemala,vietnam,2,3,2.4452,2.5019,20,28,12,1,0,1,-1,-0.056700000000000195
iceland,south_korea,8,2,5.439,1.6396,37,18,6,1,1,0,6,3.7994000000000003
philippines,panama,5,6,2.0289,4.2474,23,35,14,1,0,1,-1,-2.2184999999999997
morocco,oman,4,0,3.5059,1.8033000000000001,31,23,8,1,1,0,4,1.7026
oman,new_zealand,2,1,2.3993,3.5362,21,26,20,1,1,0,1,-1.1368999999999998
switzerland,uk,2,0,2.4679,2.7894,24,23,12,1,1,0,2,-0.3214999999999999
india,france,4,2,3.3458,3.0723000000000003,30,31,4,1,1,0,2,0.27349999999999985
china,philippines,4,0,3.8232,1.7106,32,20,6,1,1,0,4,2.1126
new_zealand,peru,0,4,1.8833,2.6502,19,24,14,1,0,1,-4,-0.7668999999999999
saudi_arabia,vietnam,0,1,2.5715,3.0850999999999997,21,29,16,1,0,1,-1,-0.5135999999999998
morocco,netherlands,5,4,3.6181,3.1845,37,32,6,1,1,0,1,0.4336000000000002
rwanda,south_korea,2,3,2.7139,3.8026,23,30,20,1,0,1,-1,-1.0886999999999998
iceland,ethiopia,0,3,3.1789,2.213,32,23,10,1,0,1,-3,0.9659
uk,switzerland,5,1,3.7244,1.6054,30,19,8,1,1,0,4,2.119
pakistan,mongolia,5,0,3.3201,1.5301,29,19,12,1,1,0,5,1.79
brazil,uk,1,0,2.3157,3.3295,18,32,8,1,1,0,1,-1.0137999999999998
thailand,serbia,3,1,4.1261,2.7911,37,25,12,1,1,0,2,1.335
panama,usa,6,1,2.9585,1.9467999999999999,23,15,16,1,1,0,5,1.0117
brazil,guatemala,3,2,3.373,2.0723,31,22,18,1,1,0,1,1.3007000000000004
mexico,indonesia,1,3,2.8215,2.2965999999999998,26,22,12,1,0,1,-2,0.5249000000000001
uae,singapore,1,4,3.2648,2.3744,25,21,14,1,0,1,-3,0.8904000000000001
oman,kazakhstan,4,3,4.5285,3.6954,36,30,32,1,1,0,1,0.8331000000000004
canada,germany,2,3,2.324,1.6838,19,15,9,1,0,1,-1,0.6401999999999999
rwanda,morocco,5,3,2.838,3.2036,26,35,20,1,1,0,2,-0.3655999999999997
peru,vietnam,4,0,2.5224,1.345,23,16,6,1,1,0,4,1.1774000000000002
thailand,mongolia,1,2,3.267,2.3616,21,22,22,1,0,1,-1,0.9053999999999998
guatemala,rwanda,3,1,3.1877,2.5611,27,25,18,1,1,0,2,0.6265999999999998
iceland,usa,2,3,2.643,3.4806999999999997,22,36,14,1,0,1,-1,-0.8376999999999999
saudi_arabia,ethiopia,3,2,3.1295,2.8939,27,29,12,1,1,0,1,0.23560000000000025
indonesia,china,2,3,3.8886000000000003,3.7605000000000004,40,31,12,1,0,1,-1,0.12809999999999988
uk,mexico,5,2,3.144,4.4326,29,39,8,1,1,0,3,-1.2885999999999997
kazakhstan,india,2,3,2.3061,2.5155000000000003,26,24,14,1,0,1,-1,-0.20940000000000047
france,south_korea,4,3,3.0114,2.5624000000000002,26,21,12,1,1,0,1,0.44899999999999984
guatemala,oman,4,3,3.3118,3.5897,29,34,20,1,1,0,1,-0.27790000000000026
pakistan,germany,3,1,3.1545,2.4274,25,20,12,1,1,0,2,0.7271000000000001
panama,new_zealand,2,1,2.6637,3.0373,24,28,6,1,1,0,1,-0.37360000000000015
canada,philippines,0,1,2.464,2.7747,23,27,10,1,0,1,-1,-0.3107000000000002
kazakhstan,morocco,6,5,2.5223,2.4802,28,24,12,1,1,0,1,0.042100000000000026
brazil,serbia,3,1,3.0917000000000003,3.8097999999999996,27,29,22,1,1,0,2,-0.7180999999999993
singapore,switzerland,8,2,4.5704,3.1473,35,31,16,1,1,0,6,1.4231000000000003
uae,netherlands,2,1,3.0571,2.6323,30,26,19,1,1,0,1,0.4248000000000003
thailand,new_zealand,5,3,3.1774,3.0252,22,30,8,1,1,0,2,0.1522000000000001
morocco,kazakhstan,4,3,3.2594000000000003,2.2093,27,26,12,1,1,0,1,1.0501000000000005
rwanda,ethiopia,2,5,3.5613,3.0189000000000004,32,27,16,1,0,1,-3,0.5423999999999998
uae,saudi_arabia,1,2,2.12,2.0069,20,22,15,1,0,1,-1,0.1131000000000002
pakistan,france,2,3,3.2012,2.3317,24,19,14,1,0,1,-1,0.8694999999999999
switzerland,singapore,3,2,3.2851,3.0572,34,31,16,1,1,0,1,0.2279
peru,iceland,6,3,3.4101,3.3434,28,30,14,1,1,0,3,0.06669999999999998
switzerland,indonesia,3,4,2.4529,1.9003,30,20,10,1,0,1,-1,0.5526
oman,south_korea,5,4,3.6117,3.2446,30,33,12,1,1,0,1,0.36709999999999976
china,mongolia,0,1,2.8176,2.2573,22,27,12,1,0,1,-1,0.5603000000000002
guatemala,brazil,3,2,3.1683,4.3628,34,40,14,1,1,0,1,-1.1945000000000001
philippines,vietnam,0,4,1.8754,2.9801,18,28,14,1,0,1,-4,-1.1047000000000002
mexico,serbia,1,5,3.2704,3.6952,32,37,14,1,0,1,-4,-0.42479999999999984
canada,usa,5,4,4.1659999999999995,2.9464,37,26,6,1,1,0,1,1.2195999999999994
netherlands,indonesia,1,0,1.6891,1.7716,16,19,14,1,1,0,1,-0.08250000000000002
panama,india,3,2,2.5187,3.1611,26,31,10,1,1,0,1,-0.6423999999999999
uk,germany,7,2,3.6304,1.3323,27,13,2,1,1,0,5,2.2981
rwanda,brazil,5,6,4.4714,3.3545,43,26,17,1,0,1,-1,1.1169000000000002
netherlands,singapore,4,2,4.2118,2.5566,36,25,16,1,1,0,2,1.6552000000000002
saudi_arabia,mexico,2,3,2.6489,3.891,25,34,14,1,0,1,-1,-1.2421000000000002
philippines,guatemala,1,0,2.1111,3.7931,26,32,16,1,1,0,1,-1.682
china,indonesia,1,3,3.5907,2.5376,28,32,16,1,0,1,-2,1.0531000000000001
france,india,0,3,2.0599,3.0215,21,22,16,1,0,1,-3,-0.9616000000000002
south_korea,serbia,1,4,2.9377999999999997,4.9805,31,37,24,1,0,1,-3,-2.0427000000000004
ethiopia,mongolia,5,1,2.729,1.3734,27,19,10,1,1,0,4,1.3556000000000001
panama,oman,4,3,4.2234,3.5795,33,30,10,1,1,0,1,0.6438999999999999
singapore,morocco,5,4,3.265,4.9094999999999995,32,43,20,1,1,0,1,-1.6444999999999994
peru,uk,3,2,3.0616,2.9609,27,29,12,1,1,0,1,0.10069999999999979
canada,netherlands,1,5,2.9596,3.6623,26,26,24,1,0,1,-4,-0.7027000000000001
peru,iceland,4,3,4.8049,2.3901000000000003,42,26,12,1,1,0,1,2.4147999999999996
mexico,south_korea,3,2,4.0512,2.2328,32,22,14,1,1,0,1,1.8183999999999996
new_zealand,usa,5,0,3.6523,2.692,32,24,13,1,1,0,5,0.9602999999999997
iceland,switzerland,2,1,2.8726,2.2574,29,28,12,1,1,0,1,0.6151999999999997
thailand,germany,2,4,2.763,2.5771,21,24,20,1,0,1,-2,0.18589999999999973
vietnam,pakistan,4,3,3.7083999999999997,3.3357,29,27,10,1,1,0,1,0.3726999999999996
uae,kazakhstan,0,1,1.9653999999999998,1.3655000000000002,18,15,12,1,0,1,-1,0.5998999999999997
kazakhstan,uae,3,6,2.6772,3.2803,30,27,20,1,0,1,-3,-0.6031
vietnam,oman,4,3,2.5566,3.4582,23,29,6,1,1,0,1,-0.9016000000000002
panama,singapore,8,3,6.2626,3.064,41,28,16,1,1,0,5,3.1986
canada,indonesia,0,1,2.0789,2.7591,20,30,12,1,0,1,-1,-0.6802000000000001
saudi_arabia,new_zealand,5,1,2.9937,2.3918,24,26,2,1,1,0,4,0.6019000000000001
uk,thailand,4,1,2.7761,2.9684999999999997,22,25,6,1,1,0,3,-0.19239999999999968
switzerland,south_korea,2,3,2.3479,3.1815,24,25,20,1,0,1,-1,-0.8336000000000001
netherlands,france,0,2,1.6994,2.1021,15,22,8,1,0,1,-2,-0.40270000000000006
ethiopia,guatemala,3,2,2.8534,3.2926,31,32,10,1,1,0,1,-0.43920000000000003
germany,brazil,2,6,1.7247999999999999,3.8768,19,30,16,1,0,1,-4,-2.152
uk,peru,2,3,3.8296,4.2378,29,37,12,1,0,1,-1,-0.4081999999999999
india,mexico,2,1,2.897,3.401,34,32,12,1,1,0,1,-0.504
thailand,serbia,5,4,3.2055,4.0761,30,33,14,1,1,0,1,-0.8706000000000005
saudi_arabia,indonesia,2,1,3.7575000000000003,4.2124999999999995,35,37,29,1,1,0,1,-0.4549999999999992
india,uk,6,3,3.8836,2.511,38,24,4,1,1,0,3,1.3725999999999998
rwanda,france,3,0,2.4854000000000003,3.5354,24,29,20,1,1,0,3,-1.0499999999999998
pakistan,new_zealand,6,3,5.3972,1.702,39,16,6,1,1,0,3,3.6952
germany,south_korea,5,4,3.2492,2.5202999999999998,29,21,6,1,1,0,1,0.7289000000000003
kazakhstan,china,1,2,2.364,1.9755,25,17,4,1,0,1,-1,0.38849999999999985
ethiopia,iceland,3,2,2.9888,2.4332,27,25,14,1,1,0,1,0.5556000000000001
oman,pakistan,3,5,2.9782,5.744199999999999,25,43,33,1,0,1,-2,-2.765999999999999
netherlands,new_zealand,2,3,2.7296,2.3725,27,26,17,1,0,1,-1,0.3571
philippines,panama,1,2,3.3605,2.5903,30,29,2,1,0,1,-1,0.7702
usa,vietnam,2,3,2.8922,2.1642,23,22,19,1,0,1,-1,0.7279999999999998
brazil,mexico,1,4,2.8517,2.2670999999999997,26,23,10,1,0,1,-3,0.5846000000000005
morocco,guatemala,3,4,2.1125,3.4834,25,36,18,1,0,1,-1,-1.3709000000000002
canada,mongolia,4,0,3.6536999999999997,1.3021,31,14,10,1,1,0,4,2.3515999999999995
oman,ethiopia,2,1,3.0274,3.0988,28,23,30,1,1,0,1,-0.07140000000000013
uae,singapore,0,3,2.3442,2.6271999999999998,22,24,12,1,0,1,-3,-0.2829999999999999
saudi_arabia,france,3,1,2.2813,2.1004,20,20,16,1,1,0,2,0.18089999999999984
usa,serbia,6,4,3.7286,4.042,35,34,22,1,1,0,2,-0.3133999999999997
mongolia,vietnam,2,3,2.3004,2.6189,24,24,19,1,0,1,-1,-0.3185000000000002
india,peru,1,5,4.6717,1.4968,40,18,4,1,0,1,-4,3.1749000000000005
south_korea,rwanda,6,1,4.0564,2.1498,32,20,12,1,1,0,5,1.9066
ethiopia,mexico,5,4,3.8587,3.6055,31,30,12,1,1,0,1,0.25319999999999965
uae,panama,2,3,2.2121,4.2981,23,39,16,1,0,1,-1,-2.086
indonesia,philippines,1,6,2.038,2.5016,23,25,10,1,0,1,-5,-0.4636
brazil,switzerland,3,2,4.0999,2.9881,32,36,12,1,1,0,1,1.1117999999999997
iceland,saudi_arabia,3,4,3.4536,2.6107,30,26,10,1,0,1,-1,0.8428999999999998
guatemala,china,6,0,3.1043,2.0647,31,22,6,1,1,0,6,1.0395999999999996
oman,netherlands,0,2,2.7592,1.6392,27,16,6,1,0,1,-2,1.1199999999999999
morocco,iceland,3,4,3.3988,2.0473,27,23,6,1,0,1,-1,1.3515000000000001
pakistan,thailand,4,3,3.6174999999999997,3.1484,31,27,16,1,1,0,1,0.46909999999999963
new_zealand,singapore,3,2,4.2036999999999995,3.6412,39,34,12,1,1,0,1,0.5624999999999996
germany,uk,4,1,2.9541,2.7475,25,23,8,1,1,0,3,0.2065999999999999
guatemala,saudi_arabia,0,2,3.6294,2.1673999999999998,31,22,14,1,0,1,-2,1.4620000000000002
serbia,vietnam,4,3,5.7572,4.6318,47,48,23,1,1,0,1,1.1254
thailand,philippines,5,0,2.768,2.0236,24,24,12,1,1,0,5,0.7443999999999997
rwanda,india,2,3,2.4186,1.482,24,20,6,1,0,1,-1,0.9366000000000001
france,morocco,4,5,4.2088,6.3128,43,57,18,1,0,1,-1,-2.104
morocco,pakistan,7,6,3.7706,3.0878,30,31,10,1,1,0,1,0.6827999999999999
south_korea,panama,3,5,2.3984,3.1760999999999995,24,25,15,1,0,1,-2,-0.7776999999999994
new_zealand,iceland,0,2,3.7617999999999996,2.5393,33,21,10,1,0,1,-2,1.2224999999999997
germany,mongolia,5,4,5.0524000000000004,1.7792999999999999,41,19,10,1,1,0,1,3.2731000000000003
netherlands,ethiopia,4,1,3.6414999999999997,1.5316,26,18,8,1,1,0,3,2.1098999999999997
singapore,oman,6,4,6.4507,3.0676,44,25,20,1,1,0,2,3.3831
uk,china,2,3,2.3346,3.5646999999999998,21,28,12,1,0,1,-1,-1.2300999999999997
canada,switzerland,1,5,2.3814,4.6299,22,34,26,1,0,1,-4,-2.2485
france,indonesia,5,4,3.5861,1.3691,28,14,16,1,1,0,1,2.217
peru,kazakhstan,5,4,3.1633,1.8034,26,20,10,1,1,0,1,1.3599
indonesia,peru,2,3,1.8014000000000001,2.4469,17,25,10,1,0,1,-1,-0.6454999999999997
mexico,usa,1,2,4.5264999999999995,1.3728000000000002,39,15,14,1,0,1,-1,3.1536999999999993
brazil,uae,8,2,5.3846,1.3464,39,15,12,1,1,0,6,4.0382
saudi_arabia,guatemala,2,3,2.0295,2.4648000000000003,20,26,8,1,0,1,-1,-0.43530000000000024
rwanda,thailand,3,4,2.7621,4.1201,27,29,18,1,0,1,-1,-1.3579999999999997
new_zealand,morocco,2,1,2.3356,1.8687,29,17,18,1,1,0,1,0.46689999999999987
serbia,mexico,4,5,2.7247000000000003,5.9656,27,54,20,1,0,1,-1,-3.2409
pakistan,indonesia,2,1,3.9607,2.3761,28,21,18,1,1,0,1,1.5846
china,vietnam,0,4,3.2878,4.3976,22,34,18,1,0,1,-4,-1.1098
switzerland,philippines,1,0,2.6397,1.8208,28,18,10,1,1,0,1,0.8189
mongolia,panama,2,3,2.6211,1.8762,23,17,8,1,0,1,-1,0.7449000000000001
south_korea,serbia,6,5,3.6105,2.8134,38,24,20,1,1,0,1,0.7970999999999999
canada,ethiopia,6,3,2.7165,1.9331,27,18,8,1,1,0,3,0.7833999999999999
kazakhstan,uk,4,3,2.3557,4.2754,22,33,10,1,1,0,1,-1.9197000000000002
india,netherlands,3,4,2.8806,3.2184,33,28,14,1,0,1,-1,-0.3378000000000001
peru,oman,4,3,3.5031,2.8453,30,24,8,1,1,0,1,0.6577999999999999
brazil,france,3,2,2.0425,2.9395,16,26,24,1,1,0,1,-0.8969999999999998
south_korea,uae,3,2,3.5039,3.0229,34,24,29,1,1,0,1,0.48099999999999987
iceland,singapore,4,1,5.3285,2.8536,39,26,14,1,1,0,3,2.4749
usa,germany,4,3,3.5807,1.9329999999999998,28,18,2,1,1,0,1,1.6477000000000004
serbia,rwanda,2,1,3.4527,2.4189,30,21,16,1,1,0,1,1.0338000000000003
oman,iceland,2,4,2.3729,3.4105,23,28,20,1,0,1,-2,-1.0375999999999999
rwanda,panama,2,4,2.4674,2.1664000000000003,20,21,8,1,0,1,-2,0.3009999999999997
ethiopia,south_korea,6,5,3.2596000000000003,2.6656,26,29,12,1,1,0,1,0.5940000000000003
panama,morocco,3,2,4.2511,3.8219000000000003,43,37,18,1,1,0,1,0.4291999999999998
singapore,saudi_arabia,3,2,2.831,2.6498,25,23,12,1,1,0,1,0.18120000000000003
india,usa,2,1,2.1939,3.9791000000000003,23,36,8,1,1,0,1,-1.7852000000000001
germany,guatemala,9,4,3.2087,3.3087999999999997,32,32,8,1,1,0,5,-0.10009999999999986
mexico,pakistan,7,6,4.6026,3.7517,34,36,14,1,1,0,1,0.8508999999999998
netherlands,mongolia,5,1,3.5541,1.0707,27,17,2,1,1,0,4,2.4834
thailand,china,1,3,2.1589,3.3682,19,28,18,1,0,1,-2,-1.2092999999999998
uk,peru,2,1,2.1794000000000002,2.5575,19,23,4,1,1,0,1,-0.3780999999999999
philippines,switzerland,5,0,2.5844,2.1917,25,21,14,1,1,0,5,0.39270000000000005
kazakhstan,usa,7,5,5.3913,2.3693999999999997,38,23,0,1,1,0,2,3.0219000000000005
france,new_zealand,6,4,3.6283,2.4351,25,22,8,1,1,0,2,1.1932
uae,vietnam,4,3,2.7022999999999997,3.2031,22,31,6,1,1,0,1,-0.5008000000000004
brazil,kazakhstan,3,1,3.8854,2.365,26,25,12,1,1,0,2,1.5204
indonesia,canada,1,2,2.8561,2.7867,26,23,18,1,0,1,-1,0.0693999999999999
thailand,oman,5,3,7.3472,1.1985000000000001,47,15,6,1,1,0,2,6.1487
uae,morocco,4,1,2.5465,2.0273,23,23,6,1,1,0,3,0.5192000000000001
china,peru,1,3,2.669,2.7563000000000004,25,26,12,1,0,1,-2,-0.08730000000000038
iceland,new_zealand,2,0,2.1365,2.4589,20,23,10,1,1,0,2,-0.3224
usa,pakistan,2,3,3.5507999999999997,4.037599999999999,29,34,20,1,0,1,-1,-0.4867999999999997
ethiopia,saudi_arabia,6,1,4.1599,3.1933,35,27,26,1,1,0,5,0.9666000000000006
mongolia,saudi_arabia,0,1,1.6322,1.6166,19,16,12,1,0,1,-1,0.015600000000000058
singapore,mexico,3,4,2.9815,4.5845,34,37,14,1,0,1,-1,-1.6030000000000002
mongolia,south_korea,2,6,3.5075000000000003,3.7251000000000003,31,35,10,1,0,1,-4,-0.21760000000000002
indonesia,france,2,1,2.9421,3.388,25,30,8,1,1,0,1,-0.44589999999999996
mexico,germany,2,3,3.3837,2.9469000000000003,28,24,28,1,0,1,-1,0.43679999999999986
canada,guatemala,4,1,2.2470999999999997,1.8911,23,20,8,1,1,0,3,0.35599999999999965
singapore,rwanda,5,6,7.411099999999999,6.4452,55,59,36,1,0,1,-1,0.9658999999999995
vietnam,netherlands,1,4,2.1109999999999998,3.198,22,27,14,1,0,1,-3,-1.0870000000000002
india,serbia,2,1,4.1005,2.4637,47,25,6,1,1,0,1,1.6368000000000005
uk,philippines,3,2,2.3607,2.0549,18,20,12,1,1,0,1,0.30580000000000007
kazakhstan,switzerland,3,1,2.3332,1.9544,23,17,16,1,1,0,2,0.37880000000000025
brazil,panama,4,3,3.0473,3.0141,27,29,18,1,1,0,1,0.033199999999999896
netherlands,china,6,1,3.1838,2.7880000000000003,30,28,10,1,1,0,5,0.39579999999999993
new_zealand,saudi_arabia,1,3,3.9095,1.9491,30,18,12,1,0,1,-2,1.9604
singapore,china,2,3,3.4125,3.4174,35,28,20,1,0,1,-1,-0.0049000000000001265
brazil,rwanda,4,1,2.9771,1.1681,23,15,4,1,1,0,3,1.8090000000000002
canada,serbia,5,4,4.0568,3.7615,35,33,16,1,1,0,1,0.2953000000000001
kazakhstan,panama,1,2,1.9118,1.8424,19,16,14,1,0,1,-1,0.0693999999999999
ethiopia,pakistan,5,6,2.8266,3.6924,25,36,17,1,0,1,-1,-0.8658000000000001
thailand,guatemala,3,4,4.1783,4.0999,38,43,16,1,0,1,-1,0.07840000000000025
morocco,oman,4,5,3.0754,2.3449,23,22,16,1,0,1,-1,0.7305000000000001
india,uae,5,4,2.3958,2.5026,25,24,8,1,1,0,1,-0.10680000000000023
peru,switzerland,0,1,3.3185000000000002,2.5678,29,23,16,1,0,1,-1,0.7507000000000001
vietnam,brazil,1,7,2.0888999999999998,4.9276,24,29,22,1,0,1,-6,-2.8387000000000002
indonesia,iceland,0,4,1.4853,2.3784,16,21,14,1,0,1,-4,-0.8931
usa,mongolia,3,2,3.9732000000000003,2.9172,33,33,12,1,1,0,1,1.0560000000000005
philippines,uk,2,1,2.1335,3.0111,21,26,6,1,1,0,1,-0.8775999999999997
mexico,vietnam,1,2,4.1071,2.6832000000000003,36,27,20,1,0,1,-1,1.4238999999999997
south_korea,france,4,1,2.4674,1.5459,23,14,14,1,1,0,3,0.9215
germany,netherlands,2,4,2.9147,2.7119999999999997,24,25,16,1,0,1,-2,0.2027000000000001
vietnam,thailand,5,6,2.2009,3.8523,25,28,18,1,0,1,-1,-1.6514000000000002
serbia,france,4,5,2.7007,3.6205999999999996,24,30,14,1,0,1,-1,-0.9198999999999997
ethiopia,philippines,2,1,2.7222,2.8074000000000003,24,29,14,1,1,0,1,-0.08520000000000039
brazil,saudi_arabia,3,0,3.1353,1.7207000000000001,21,18,12,1,1,0,3,1.4145999999999999
uae,canada,2,1,2.8978,3.1845,28,33,6,1,1,0,1,-0.28669999999999973
peru,iceland,3,2,2.8598,2.4264,29,19,14,1,1,0,1,0.4333999999999998
uae,oman,2,3,3.0587999999999997,2.2084,20,22,6,1,0,1,-1,0.8503999999999996
pakistan,india,0,1,3.1917,3.4662,30,29,18,1,0,1,-1,-0.2745000000000002
germany,new_zealand,3,0,2.5451,2.3029,22,21,4,1,1,0,3,0.24219999999999997
rwanda,mexico,4,3,2.7645,3.4359,29,34,14,1,1,0,1,-0.6714000000000002
indonesia,usa,3,5,2.7986,4.2818,25,31,18,1,0,1,-2,-1.4831999999999996
morocco,singapore,2,4,3.3062,2.8292,30,33,8,1,0,1,-2,0.47699999999999987
guatemala,canada,1,2,2.585,3.6585,28,35,24,1,0,1,-1,-1.0735000000000001
uk,kazakhstan,3,2,2.8355,2.7060999999999997,23,25,6,1,1,0,1,0.1294000000000004
switzerland,mongolia,3,1,2.8033,2.2486,28,31,8,1,1,0,2,0.5547
philippines,mongolia,3,2,2.8973,2.1706,26,25,14,1,1,0,1,0.7267000000000001
netherlands,china,1,0,1.4619,1.2687,16,14,4,1,1,0,1,0.19320000000000004
serbia,morocco,5,6,3.9880999999999998,5.2991,40,46,26,1,0,1,-1,-1.3110000000000004
mongolia,china,0,1,1.7164000000000001,2.1395,24,19,17,1,0,1,-1,-0.4230999999999998
south_korea,iceland,2,3,3.6259,2.5084,33,23,18,1,0,1,-1,1.1175000000000002
indonesia,india,1,3,2.4131,2.4932999999999996,26,22,18,1,0,1,-2,-0.0801999999999996
saudi_arabia,uae,4,2,2.6553,2.3281,24,19,16,1,1,0,2,0.32719999999999994
france,rwanda,4,1,5.2141,1.8836,32,18,8,1,1,0,3,3.3305000000000002
philippines,new_zealand,4,0,2.0384,2.3037,19,25,6,1,1,0,4,-0.26529999999999987
pakistan,uk,2,5,3.8594,2.7187,33,21,16,1,0,1,-3,1.1406999999999998
ethiopia,singapore,2,3,2.4446000000000003,2.936,20,27,8,1,0,1,-1,-0.4913999999999996
guatemala,switzerland,2,1,2.9989,2.1036,34,31,16,1,1,0,1,0.8952999999999998
brazil,panama,3,1,3.6778,3.6327,28,34,16,1,1,0,2,0.04510000000000014
guatemala,kazakhstan,0,3,1.8121,1.9962,17,25,12,1,0,1,-3,-0.18409999999999993
canada,vietnam,2,0,1.9445000000000001,1.5082,17,14,6,1,1,0,2,0.43630000000000013
mexico,thailand,3,6,4.1271,2.5295,38,24,10,1,0,1,-3,1.5976000000000004
usa,switzerland,0,4,1.8855,2.7128,17,23,20,1,0,1,-4,-0.8273000000000001
germany,peru,2,5,2.8729999999999998,3.4581999999999997,24,27,12,1,0,1,-3,-0.5851999999999999
netherlands,oman,5,4,4.1356,2.4954,35,24,22,1,1,0,1,1.6402
singapore,uae,3,4,2.7787,2.3053,26,23,12,1,0,1,-1,0.47340000000000027
new_zealand,oman,2,1,2.5753,2.3516,23,22,8,1,1,0,1,0.2237
usa,switzerland,0,4,2.0348,2.4291,16,25,10,1,0,1,-4,-0.3942999999999999
panama,rwanda,1,2,2.9219,2.1125,23,22,6,1,0,1,-1,0.8094000000000001
philippines,vietnam,2,1,2.6328,2.5813,22,24,18,1,1,0,1,0.05149999999999988
kazakhstan,china,2,1,1.5777,3.3847,18,28,12,1,1,0,1,-1.807
canada,brazil,2,1,2.7008,2.7506,30,21,12,1,1,0,1,-0.049799999999999844
guatemala,peru,1,4,1.888,2.4624,21,26,8,1,0,1,-3,-0.5744000000000002
france,mexico,5,6,4.188,2.6575,37,26,8,1,0,1,-1,1.5304999999999995
indonesia,rwanda,4,2,4.0785,1.6078000000000001,33,16,8,1,1,0,2,2.4707
india,morocco,4,1,3.4656,2.5921,36,25,14,1,1,0,3,0.8734999999999999
uk,mongolia,4,1,3.2775,1.2763,26,15,6,1,1,0,3,2.0012
kazakhstan,rwanda,0,2,2.2687,2.1788,20,21,12,1,0,1,-2,0.08990000000000009
thailand,saudi_arabia,5,4,6.4496,2.4724,51,23,22,1,1,0,1,3.9772000000000003
morocco,ethiopia,5,4,4.7666,2.7741,40,27,10,1,1,0,1,1.9925000000000006
brazil,pakistan,1,2,1.814,2.144,14,24,12,1,0,1,-1,-0.33000000000000007
mexico,china,2,1,2.7664999999999997,1.1429,29,13,10,1,1,0,1,1.6235999999999997
guatemala,morocco,4,1,4.34,3.0091,43,40,8,1,1,0,3,1.3308999999999997
switzerland,serbia,3,4,2.206,2.9389,22,31,8,1,0,1,-1,-0.7328999999999999
usa,oman,3,8,3.6881000000000004,5.0234000000000005,30,40,22,1,0,1,-5,-1.3353000000000002
ethiopia,south_korea,2,3,2.9868,3.2136,27,35,6,1,0,1,-1,-0.2267999999999999
canada,panama,2,4,4.55,2.6,40,25,6,1,0,1,-2,1.9499999999999997
indonesia,uk,4,3,2.2914000000000003,4.4748,22,37,10,1,1,0,1,-2.1834
singapore,iceland,5,3,4.3191,2.0136,33,20,6,1,1,0,2,2.3055
germany,india,6,2,3.6652000000000005,2.4108,27,24,2,1,1,0,4,1.2544000000000004
saudi_arabia,oman,5,1,3.5814,1.7435,29,19,2,1,1,0,4,1.8378999999999999
france,new_zealand,3,1,3.9605,2.3095,31,20,16,1,1,0,2,1.6510000000000002
peru,philippines,1,0,2.8322000000000003,2.1,27,20,8,1,1,0,1,0.7322000000000002
uae,netherlands,2,1,1.1051,2.3891999999999998,11,25,6,1,1,0,1,-1.2840999999999998
mongolia,vietnam,2,5,3.2094,4.6482,24,34,20,1,0,1,-3,-1.4388
saudi_arabia,south_korea,0,4,1.9612,2.1038,17,23,8,1,0,1,-4,-0.14260000000000006
philippines,canada,4,1,2.1074,3.6194,20,33,12,1,1,0,3,-1.512
kazakhstan,mexico,6,2,3.363,1.6951,26,16,24,1,1,0,4,1.6679
vietnam,usa,4,3,3.332,2.598,27,22,12,1,1,0,1,0.734
netherlands,serbia,5,4,3.0741,3.096,32,28,10,1,1,0,1,-0.02190000000000003
oman,indonesia,3,4,3.1092,3.0843,27,28,22,1,0,1,-1,0.024900000000000144
iceland,france,5,3,2.3723,3.6208,21,30,18,1,1,0,2,-1.2485
uae,india,2,3,2.2268,3.8776,19,37,20,1,0,1,-1,-1.6508000000000003
china,uk,2,1,3.273,3.7620999999999998,27,32,6,1,1,0,1,-0.48909999999999965
singapore,morocco,3,0,3.013,2.1361,30,20,10,1,1,0,3,0.8769
brazil,mongolia,3,4,3.5622,2.4318,27,28,24,1,0,1,-1,1.1303999999999998
iceland,new_zealand,3,1,3.6492,2.3452,28,24,12,1,1,0,2,1.3039999999999998
thailand,panama,2,3,4.0449,2.5414,32,25,8,1,0,1,-1,1.5035000000000003
guatemala,pakistan,5,3,2.7389,3.2414,24,34,20,1,1,0,2,-0.5025
switzerland,germany,1,0,1.1199,2.3369,11,20,8,1,1,0,1,-1.217
ethiopia,peru,3,4,2.1561,4.8788,21,43,29,1,0,1,-1,-2.7227
thailand,rwanda,3,4,3.9330999999999996,1.3811,27,18,6,1,0,1,-1,2.5519999999999996
usa,guatemala,4,1,3.1534999999999997,4.7456000000000005,32,42,18,1,1,0,3,-1.5921000000000007
china,netherlands,2,4,2.565,2.6427,22,25,10,1,0,1,-2,-0.0777000000000001
usa,new_zealand,1,3,2.4616,3.6273,20,27,22,1,0,1,-2,-1.1657000000000002
china,canada,3,2,2.6029,2.5904,23,28,10,1,1,0,1,0.012500000000000178
peru,ethiopia,2,1,2.7524,2.0304,30,22,6,1,1,0,1,0.722
saudi_arabia,kazakhstan,0,4,1.5388,4.0371,14,38,17,1,0,1,-4,-2.4982999999999995
indonesia,uk,1,2,1.5237,2.8173,16,26,8,1,0,1,-1,-1.2935999999999999
mexico,netherlands,0,1,2.8828,2.1035,29,23,16,1,0,1,-1,0.7793000000000001
france,iceland,5,4,4.0299,2.5268,33,22,14,1,1,0,1,1.5030999999999994
germany,singapore,1,4,2.8602,3.5753,25,28,12,1,0,1,-3,-0.7151000000000001
south_korea,vietnam,5,6,3.9061,3.7825,32,32,16,1,0,1,-1,0.12359999999999971
morocco,india,1,2,3.9705,2.8177,37,31,16,1,0,1,-1,1.1528
india,switzerland,3,2,1.56,2.5818,20,29,14,1,1,0,1,-1.0217999999999998
switzerland,panama,4,0,3.6721,2.8890000000000002,32,24,10,1,1,0,4,0.7830999999999997
uae,pakistan,2,1,2.9021,2.3395,24,21,12,1,1,0,1,0.5625999999999998
serbia,mongolia,8,2,5.7791,1.6964,43,23,6,1,1,0,6,4.0827
oman,brazil,1,4,2.8995,3.5911999999999997,30,25,22,1,0,1,-3,-0.6916999999999995
saudi_arabia,switzerland,3,5,2.4341999999999997,2.875,23,29,16,1,0,1,-2,-0.4408000000000003
serbia,thailand,4,5,5.2412,4.0222999999999995,40,36,8,1,0,1,-1,1.2189000000000005
guatemala,germany,4,3,1.8538000000000001,3.5722,16,36,10,1,1,0,1,-1.7184
vietnam,morocco,4,2,3.4625,1.6991,28,15,6,1,1,0,2,1.7633999999999999
new_zealand,france,3,2,3.8001,3.4569,34,29,14,1,1,0,1,0.34319999999999995
rwanda,brazil,4,3,3.6885,3.6983,40,31,14,1,1,0,1,-0.009800000000000253
new_zealand,pakistan,2,1,3.2662,2.545,24,21,8,1,1,0,1,0.7212000000000001
uae,oman,2,3,3.5338,3.7125,29,35,18,1,0,1,-1,-0.17870000000000008
pakistan,philippines,1,2,2.332,1.4244,19,16,10,1,0,1,-1,0.9075999999999997
usa,indonesia,2,0,2.6893,2.6851,21,24,16,1,1,0,2,0.0041999999999999815
china,south_korea,3,0,2.6639,1.6721,20,21,4,1,1,0,3,0.9918
india,mongolia,0,3,2.6971,3.037,24,34,12,1,0,1,-3,-0.3399000000000001
ethiopia,mexico,4,1,2.8302,2.7478,28,30,12,1,1,0,3,0.08240000000000025
panama,peru,2,0,2.7584,2.0050999999999997,25,17,16,1,1,0,2,0.7533000000000003
iceland,canada,2,3,2.8234,4.1041,27,40,16,1,0,1,-1,-1.2807
singapore,kazakhstan,6,1,4.6337,2.5057,32,26,6,1,1,0,5,2.128
netherlands,uk,1,5,3.007,3.5442,24,32,10,1,0,1,-4,-0.5371999999999999
south_korea,uk,3,4,2.9661,3.3045,26,26,22,1,0,1,-1,-0.33840000000000003
serbia,brazil,4,5,3.7114000000000003,3.6724,41,33,14,1,0,1,-1,0.039000000000000146
rwanda,philippines,1,6,2.9821,2.6139,27,27,12,1,0,1,-5,0.36819999999999986
saudi_arabia,germany,1,3,2.0227,2.222,15,21,10,1,0,1,-2,-0.19930000000000003
china,new_zealand,4,1,3.6638,2.0007,22,23,8,1,1,0,3,1.6631
india,ethiopia,2,1,3.0036,1.5298,27,16,6,1,1,0,1,1.4738
pakistan,thailand,2,1,3.6099,3.2752,31,26,10,1,1,0,1,0.3347000000000002
usa,morocco,0,2,3.3074,2.1853000000000002,28,20,14,1,0,1,-2,1.1220999999999997
panama,netherlands,1,2,2.9263,2.787,25,24,14,1,0,1,-1,0.13929999999999998
oman,mexico,3,4,2.8158000000000003,1.5282,28,17,12,1,0,1,-1,1.2876000000000003
uae,uk,5,3,3.4067,2.8978,29,27,14,1,1,0,2,0.5088999999999997
germany,philippines,5,2,3.7561999999999998,2.2807,32,22,12,1,1,0,3,1.4754999999999998
indonesia,south_korea,7,1,3.2643999999999997,2.9536000000000002,34,26,18,1,1,0,6,0.3107999999999995
peru,guatemala,4,0,3.5223,2.583,35,25,10,1,1,0,4,0.9392999999999998
switzerland,iceland,3,2,2.2323,3.4017000000000004,27,30,14,1,1,0,1,-1.1694000000000004
mongolia,france,2,3,3.4827000000000004,2.5421,33,26,2,1,0,1,-1,0.9406000000000003
canada,singapore,6,2,3.3608000000000002,1.9881,32,21,12,1,1,0,4,1.3727000000000003
vietnam,kazakhstan,2,1,1.9889,2.4434,19,20,14,1,1,0,1,-0.4545000000000001
netherlands,thailand,7,3,2.3598000000000003,2.382,22,22,20,1,1,0,4,-0.022199999999999775
india,canada,1,2,2.2172,2.7878,21,27,14,1,0,1,-1,-0.5705999999999998
ethiopia,uae,1,2,3.0088,1.6193,25,19,6,1,0,1,-1,1.3895
iceland,oman,2,0,4.0595,2.8144,30,30,8,1,1,0,2,1.2450999999999999
serbia,peru,2,4,2.9132,2.7614,24,31,10,1,0,1,-2,0.1517999999999997
serbia,vietnam,5,1,3.8527,2.3941,28,25,14,1,1,0,4,1.4586000000000001
saudi_arabia,peru,1,2,1.7976999999999999,2.4471,16,24,10,1,0,1,-1,-0.6494
germany,mexico,3,2,3.7984999999999998,3.1894,34,28,10,1,1,0,1,0.6090999999999998
mongolia,philippines,1,4,1.8616,3.247,23,34,8,1,0,1,-3,-1.3854
switzerland,kazakhstan,3,4,2.7222,3.1463,27,31,16,1,0,1,-1,-0.42410000000000014
morocco,uk,6,1,4.7907,2.1109999999999998,39,24,2,1,1,0,5,2.6797000000000004
new_zealand,china,2,1,2.5462000000000002,2.5964,25,22,8,1,1,0,1,-0.0501999999999998
pakistan,brazil,5,2,4.4621,1.2171,35,10,18,1,1,0,3,3.245
usa,france,2,3,2.9157,2.9951,24,23,18,1,0,1,-1,-0.07939999999999969
rwanda,panama,0,1,2.9675000000000002,2.9416,27,28,18,1,0,1,-1,0.025900000000000034
brazil,guatemala,4,2,3.0253,4.2247,30,43,16,1,1,0,2,-1.1994000000000002
china,serbia,2,0,4.2433,1.9230999999999998,34,20,8,1,1,0,2,2.3202
rwanda,canada,2,3,2.1195,2.9664,20,27,12,1,0,1,-1,-0.8469000000000002
guatemala,pakistan,5,4,3.3120000000000003,4.6358,31,43,18,1,1,0,1,-1.3237999999999994
philippines,saudi_arabia,4,1,2.3699,1.4386,22,14,8,1,1,0,3,0.9312999999999998
morocco,usa,4,5,4.9608,3.0503,40,30,14,1,0,1,-1,1.9104999999999999
iceland,india,4,0,2.6577,2.7119999999999997,25,31,6,1,1,0,4,-0.05429999999999957
oman,singapore,3,2,4.3039,2.869,35,25,24,1,1,0,1,1.4348999999999994
france,panama,4,3,2.9508,3.3578,26,26,8,1,1,0,1,-0.40700000000000003
ethiopia,vietnam,4,2,3.9424,1.7635999999999998,31,19,6,1,1,0,2,2.1788000000000003
mexico,uk,3,0,3.5778,2.8763,29,26,10,1,1,0,3,0.7014999999999998
vietnam,mongolia,3,2,2.4981,2.5895,23,23,8,1,1,0,1,-0.09140000000000015
netherlands,indonesia,3,2,2.1159,1.8193,18,22,12,1,1,0,1,0.2966
new_zealand,germany,2,3,2.6682,1.6578,21,14,16,1,0,1,-1,1.0104000000000002
south_korea,thailand,4,5,3.5187,3.738,34,31,24,1,0,1,-1,-0.21930000000000005
uae,peru,2,3,3.6612999999999998,3.2478000000000002,34,39,6,1,0,1,-1,0.41349999999999953
mongolia,switzerland,2,3,2.3112,2.9052,25,30,22,1,0,1,-1,-0.5939999999999999
kazakhstan,brazil,1,2,2.0977,4.2753,23,30,14,1,0,1,-1,-2.1775999999999995
india,new_zealand,2,3,2.5811,3.8205,24,39,16,1,0,1,-1,-1.2393999999999998
switzerland,saudi_arabia,2,4,1.6595,3.0942,17,29,20,1,0,1,-2,-1.4346999999999999
usa,peru,3,4,2.3923,3.5166,21,35,14,1,0,1,-1,-1.1242999999999999
iceland,serbia,5,2,2.9987,2.3379,28,23,12,1,1,0,3,0.6608
usa,singapore,4,0,4.0328,2.2963,30,23,10,1,1,0,4,1.7365
germany,kazakhstan,3,0,2.5829,2.0595,19,21,10,1,1,0,3,0.5234000000000001
brazil,china,1,2,3.0359,1.835,28,17,14,1,0,1,-1,1.2008999999999999
rwanda,pakistan,4,1,2.6658999999999997,3.2637,27,25,22,1,1,0,3,-0.5978000000000003
uk,morocco,3,2,2.8002000000000002,2.0194,28,20,8,1,1,0,1,0.7808000000000002
guatemala,mexico,4,5,2.9989000000000003,3.8463000000000003,32,39,20,1,0,1,-1,-0.8473999999999999
france,oman,4,5,3.6225,2.6197999999999997,26,22,16,1,0,1,-1,1.0027000000000004
ethiopia,indonesia,4,3,4.251,3.1056,39,36,12,1,1,0,1,1.1454000000000004
netherlands,panama,4,3,2.7416,2.916,27,24,14,1,1,0,1,-0.1743999999999999
south_korea,canada,2,1,3.6684,2.6551,32,25,12,1,1,0,1,1.0133
singapore,vietnam,3,2,2.9788,2.8165,25,24,22,1,1,0,1,0.1623000000000001
thailand,kazakhstan,5,4,2.4251,1.9215,18,19,12,1,1,0,1,0.5036
mongolia,thailand,5,2,2.6329000000000002,2.4224,27,22,6,1,1,0,3,0.21050000000000013
uae,philippines,3,2,3.3239,3.0393,32,34,6,1,1,0,1,0.2846000000000002
peru,thailand,2,6,2.5493,3.3995,26,29,18,1,0,1,-4,-0.8502000000000001
usa,ethiopia,4,2,3.6361,2.162,32,21,14,1,1,0,2,1.4741
saudi_arabia,netherlands,2,0,1.8897,2.5414,19,21,22,1,1,0,2,-0.6517
india,oman,6,2,4.0516,2.7603,37,24,8,1,1,0,4,1.2912999999999997
serbia,iceland,4,0,3.7270000000000003,2.4978000000000002,35,23,18,1,1,0,4,1.2292
pakistan,canada,2,3,3.1345,4.6247,29,39,24,1,0,1,-1,-1.4901999999999997
uae,china,5,4,1.8647,4.1878,20,40,8,1,1,0,1,-2.3231
morocco,mexico,3,4,2.2076000000000002,2.3031,25,25,4,1,0,1,-1,-0.09549999999999992
indonesia,new_zealand,4,5,2.8807,3.5877,26,30,10,1,0,1,-1,-0.7069999999999999
canada,mexico,3,5,3.7547,2.7776,32,28,12,1,0,1,-2,0.9771000000000001
mongolia,indonesia,0,2,1.8524,1.8021,19,21,8,1,0,1,-2,0.05030000000000001
germany,rwanda,4,2,2.9439,2.8409,24,23,10,1,1,0,2,0.1030000000000002
panama,brazil,4,0,4.0459000000000005,2.0994,33,20,14,1,1,0,4,1.9465000000000003
vietnam,south_korea,2,4,2.3522,3.1703,22,26,20,1,0,1,-2,-0.8181000000000003
philippines,singapore,3,2,4.1925,3.8680000000000003,36,32,16,1,1,0,1,0.32449999999999957
guatemala,france,1,5,2.7814,2.0577,27,23,14,1,0,1,-4,0.7237
new_zealand,uk,1,2,2.6644,2.8385,24,20,12,1,0,1,-1,-0.1740999999999997
thailand,canada,10,3,4.4997,2.1323,38,22,14,1,1,0,7,2.3674
france,philippines,5,6,3.4209,4.8227,32,44,14,1,0,1,-1,-1.4018000000000002
panama,saudi_arabia,1,2,3.4268,2.5473,30,25,10,1,0,1,-1,0.8795000000000002
indonesia,uae,4,3,1.6115,3.2452,22,31,10,1,1,0,1,-1.6337000000000002
china,india,0,3,1.4894,3.4955,12,35,18,1,0,1,-3,-2.0061
morocco,iceland,2,3,3.0832,2.5144,34,27,14,1,0,1,-1,0.5688
serbia,ethiopia,5,4,4.1967,3.8931,34,36,22,1,1,0,1,0.30359999999999987
mexico,uae,4,0,3.1181,1.3422,30,16,6,1,1,0,4,1.7759
pakistan,netherlands,3,2,4.2292000000000005,5.3192,43,41,28,1,1,0,1,-1.0899999999999999
rwanda,usa,8,7,3.994,3.3715,34,27,15,1,1,0,1,0.6225
germany,brazil,3,4,2.129,4.7345,21,32,18,1,0,1,-1,-2.6054999999999997
switzerland,oman,3,4,3.9905000000000004,3.2165,35,28,12,1,0,1,-1,0.7740000000000005
uk,new_zealand,1,2,2.0299,3.0603,17,30,10,1,0,1,-1,-1.0303999999999998
indonesia,vietnam,0,3,3.0715,2.7328,26,24,8,1,0,1,-3,0.3386999999999998
guatemala,saudi_arabia,2,1,2.2497,2.8996,21,30,6,1,1,0,1,-0.6499000000000001
singapore,peru,0,3,2.8764000000000003,3.1418,22,29,10,1,0,1,-3,-0.26539999999999964
mongolia,kazakhstan,3,0,2.3697,1.5985,23,18,2,1,1,0,3,0.7711999999999999
guatemala,south_korea,2,4,2.9891,2.6535,25,30,18,1,0,1,-2,0.3355999999999999
usa,saudi_arabia,0,5,3.3733,2.8357,33,24,22,1,0,1,-5,0.5375999999999999
uae,thailand,4,3,1.6406,3.8182,18,32,22,1,1,0,1,-2.1776
mongolia,panama,3,4,2.9254,4.8449,32,37,18,1,0,1,-1,-1.9195000000000002
france,new_zealand,4,3,2.9106,2.1807,25,18,16,1,1,0,1,0.7299000000000002
rwanda,canada,1,5,2.1707,2.7934,21,24,14,1,0,1,-4,-0.6227
serbia,germany,5,1,4.8846,2.3539,36,23,6,1,1,0,4,2.5307
singapore,morocco,3,1,2.2392,2.4081,27,21,12,1,1,0,2,-0.16890000000000027
new_zealand,serbia,6,4,3.1903,2.9715,27,24,22,1,1,0,2,0.21880000000000033
guatemala,south_korea,5,2,5.1437,1.9337,35,27,13,1,1,0,3,3.21
brazil,pakistan,3,5,2.6283,3.4603,21,37,12,1,0,1,-2,-0.8320000000000003
india,china,2,0,1.9589,3.2239,22,27,14,1,1,0,2,-1.265
uk,ethiopia,5,6,4.572900000000001,3.3374,37,32,8,1,0,1,-1,1.2355000000000005
kazakhstan,philippines,1,0,1.492,1.7298,13,17,8,1,1,0,1,-0.2378
iceland,peru,1,4,1.5964,2.5273,15,27,14,1,0,1,-3,-0.9308999999999998
switzerland,netherlands,3,4,1.9068,2.4144,24,25,12,1,0,1,-1,-0.5076
indonesia,oman,2,4,3.3369,2.7134,32,24,14,1,0,1,-2,0.6234999999999999
thailand,mongolia,4,1,4.3575,1.4987,32,23,15,1,1,0,3,2.8588
saudi_arabia,south_korea,3,2,2.3015999999999996,1.4338,19,16,8,1,1,0,1,0.8677999999999997
thailand,ethiopia,2,4,2.9768000000000003,2.1217,25,21,18,1,0,1,-2,0.8551000000000002
canada,rwanda,3,4,4.4098,2.6328,36,26,14,1,0,1,-1,1.7769999999999997
switzerland,pakistan,4,3,2.4222,3.2808,21,30,16,1,1,0,1,-0.8586
panama,serbia,9,3,4.5136,2.6183,40,25,8,1,1,0,6,1.8953000000000002
iceland,uae,4,0,2.0888999999999998,1.1242,24,14,6,1,1,0,4,0.9646999999999997
india,indonesia,2,6,2.8398,5.2062,29,45,24,1,0,1,-4,-2.3664
morocco,brazil,2,3,3.4795,2.9789,38,25,12,1,0,1,-1,0.5005999999999999
singapore,germany,2,1,2.428,3.5427,22,25,19,1,1,0,1,-1.1147
ethiopia,kazakhstan,3,1,3.6328,2.2163,30,27,6,1,1,0,2,1.4165
oman,china,0,1,2.0825,1.55,19,15,8,1,0,1,-1,0.5325
new_zealand,vietnam,2,3,3.3582,1.8560999999999999,25,15,16,1,0,1,-1,1.5021000000000002
india,rwanda,2,1,2.1747,2.5636,19,25,8,1,1,0,1,-0.3889
guatemala,uk,3,2,1.7709000000000001,4.1006,18,35,14,1,1,0,1,-2.3297
philippines,france,5,1,3.9168,2.402,35,19,8,1,1,0,4,1.5147999999999997
mexico,peru,1,2,4.8976999999999995,3.061,39,36,10,1,0,1,-1,1.8366999999999996
rwanda,serbia,2,3,2.4951,2.699,25,25,18,1,0,1,-1,-0.20389999999999997
panama,saudi_arabia,3,2,3.6152,2.2068,30,19,10,1,1,0,1,1.4084000000000003
ethiopia,thailand,3,4,4.0641,2.7968,34,26,10,1,0,1,-1,1.2672999999999996
new_zealand,morocco,0,4,2.7891,1.9098,28,16,16,1,0,1,-4,0.8793
china,indonesia,1,2,2.9899,3.5980999999999996,24,38,14,1,0,1,-1,-0.6081999999999996
germany,pakistan,3,6,2.7345,3.7115,20,30,8,1,0,1,-3,-0.9769999999999999
peru,switzerland,3,2,2.4495,3.0,25,29,16,1,1,0,1,-0.5505
indonesia,pakistan,0,1,2.3975,3.4085,21,29,8,1,0,1,-1,-1.0110000000000001
oman,guatemala,4,5,3.5692000000000004,4.2315000000000005,33,36,18,1,0,1,-1,-0.6623000000000001
mexico,philippines,5,3,2.7998,2.3956,28,23,8,1,1,0,2,0.4041999999999999
france,usa,3,4,3.7546999999999997,3.5532000000000004,29,30,10,1,0,1,-1,0.20149999999999935
canada,mongolia,3,4,4.2341,2.0867,32,22,12,1,0,1,-1,2.1473999999999998
netherlands,india,1,0,1.0942,2.6010999999999997,10,29,16,1,1,0,1,-1.5068999999999997
iceland,kazakhstan,3,2,1.7092,2.6539,14,24,16,1,1,0,1,-0.9447000000000001
vietnam,brazil,4,1,4.5451999999999995,3.2944999999999998,37,22,12,1,1,0,3,1.2506999999999997
uk,uae,4,3,3.8118,2.6401,30,22,8,1,1,0,1,1.1717
south_korea,singapore,7,3,6.3542000000000005,2.468,45,22,16,1,1,0,4,3.8862000000000005
uae,usa,2,3,3.5459,1.7355,27,21,4,1,0,1,-1,1.8104
china,brazil,3,2,2.809,2.8869,27,25,6,1,1,0,1,-0.07789999999999964
thailand,south_korea,5,6,6.1415999999999995,4.8203,46,46,26,1,0,1,-1,1.3213
rwanda,vietnam,2,3,5.1494,2.267,44,22,18,1,0,1,-1,2.8824
ethiopia,new_zealand,2,0,2.5825,1.9415,18,21,12,1,1,0,2,0.641
kazakhstan,indonesia,3,2,3.4997,2.2243,30,18,14,1,1,0,1,1.2753999999999999
iceland,mexico,5,4,3.3671,3.6297,29,32,29,1,1,0,1,-0.26259999999999994
china,switzerland,4,1,4.9177,2.2983000000000002,39,31,16,1,1,0,3,2.6193999999999997
pakistan,oman,8,1,4.9089,2.3567,36,22,12,1,1,0,7,2.5522
philippines,canada,2,1,2.33,1.56,25,15,6,1,1,0,1,0.77
serbia,india,1,2,3.5257,4.3078,34,44,16,1,0,1,-1,-0.7821000000000002
germany,saudi_arabia,2,1,2.8254,2.363,23,20,6,1,1,0,1,0.46240000000000014
south_korea,morocco,3,4,3.6182000000000003,2.702,37,26,12,1,0,1,-1,0.9162000000000003
singapore,panama,2,8,2.3966,6.6135,24,44,22,1,0,1,-6,-4.216900000000001
peru,netherlands,1,2,2.0647,1.2842,22,15,12,1,0,1,-1,0.7805000000000002
france,morocco,6,5,4.8849,2.8454,50,30,2,1,1,0,1,2.0395
mongolia,uk,2,1,2.556,2.2014,22,19,6,1,1,0,1,0.3546
canada,rwanda,2,1,1.738,2.0765,15,20,12,1,1,0,1,-0.3384999999999998
china,thailand,5,4,4.2292000000000005,2.7332,29,25,8,1,1,0,1,1.4960000000000004
vietnam,guatemala,1,6,1.1978,4.6719,16,34,19,1,0,1,-5,-3.4741
mexico,saudi_arabia,2,1,2.1089,2.6066000000000003,23,20,20,1,1,0,1,-0.49770000000000003
usa,south_korea,4,0,3.5291,2.8774,28,27,12,1,1,0,4,0.6517
singapore,indonesia,2,3,2.8334,3.3156,26,32,16,1,0,1,-1,-0.48219999999999974
switzerland,uk,3,2,3.6304999999999996,3.4631,34,31,18,1,1,0,1,0.16739999999999977
ethiopia,germany,3,4,3.9222,4.2607,31,37,18,1,0,1,-1,-0.3384999999999998
peru,panama,0,3,2.4255,2.5221999999999998,22,24,12,1,0,1,-3,-0.09669999999999979
new_zealand,france,2,3,2.9904,5.1787,23,35,20,1,0,1,-1,-2.1883
uk,pakistan,6,1,3.4958,3.4068,21,29,10,1,1,0,5,0.08899999999999997
uae,kazakhstan,1,5,1.334,3.8191,13,36,22,1,0,1,-4,-2.4851
netherlands,morocco,3,4,3.3319,2.1722,29,24,10,1,0,1,-1,1.1597
iceland,india,4,5,3.2039,3.3984,31,38,16,1,0,1,-1,-0.19450000000000012
serbia,mongolia,1,2,3.5306,1.5373,29,21,6,1,0,1,-1,1.9933
switzerland,oman,7,2,3.8571,2.3463,33,23,8,1,1,0,5,1.5108000000000001
kazakhstan,usa,3,4,2.6947,2.9680999999999997,23,22,8,1,0,1,-1,-0.27339999999999964
germany,rwanda,4,5,2.9504,2.5971,27,23,14,1,0,1,-1,0.35329999999999995
mexico,oman,0,2,1.8582999999999998,2.2227,19,24,10,1,0,1,-2,-0.3644000000000003
philippines,thailand,3,4,1.8334,2.6473,19,23,6,1,0,1,-1,-0.8139000000000001
rwanda,vietnam,1,3,2.2083,1.628,19,13,12,1,0,1,-2,0.5803
mongolia,ethiopia,3,0,2.2269,1.9525000000000001,24,20,8,1,1,0,3,0.2744
netherlands,peru,1,2,2.3668,2.6084,20,26,24,1,0,1,-1,-0.24160000000000004
indonesia,mexico,2,3,2.3110999999999997,3.4042,26,30,10,1,0,1,-1,-1.0931000000000002
new_zealand,india,1,2,2.9176,2.038,24,21,12,1,0,1,-1,0.8796000000000004
pakistan,canada,1,7,2.1158,3.3773999999999997,21,29,24,1,0,1,-6,-1.2615999999999996
germany,switzerland,5,1,3.0962,2.1831,26,23,8,1,1,0,4,0.9131
singapore,china,5,4,3.4767,2.5063,30,21,4,1,1,0,1,0.9704000000000002
oman,france,2,3,3.1718,2.553,25,22,20,1,0,1,-1,0.6188000000000002
mongolia,usa,1,4,3.4813,3.4551,36,32,8,1,0,1,-3,0.026200000000000223
iceland,uk,1,4,1.7496,3.8576,18,31,16,1,0,1,-3,-2.108
guatemala,serbia,3,4,2.9785,2.9298,26,31,12,1,0,1,-1,0.048699999999999743
brazil,saudi_arabia,2,1,2.9438,1.7972000000000001,25,21,4,1,1,0,1,1.1465999999999998
south_korea,panama,2,3,3.0815,2.705,32,22,18,1,0,1,-1,0.37650000000000006
rwanda,brazil,1,4,2.2401,3.3905,26,26,14,1,0,1,-3,-1.1503999999999999
pakistan,serbia,3,1,3.3975999999999997,2.9617,30,25,14,1,1,0,2,0.43589999999999973
india,germany,3,4,3.334,3.2087,33,28,14,1,0,1,-1,0.1253000000000002
panama,ethiopia,3,0,3.9949,1.7566,32,21,6,1,1,0,3,2.2382999999999997
morocco,saudi_arabia,5,1,4.5182,2.1349,34,24,12,1,1,0,4,2.3833
indonesia,oman,2,4,1.9353,2.8363,18,24,10,1,0,1,-2,-0.901
philippines,germany,3,2,3.4831,3.0562,29,27,4,1,1,0,1,0.42689999999999984
peru,china,4,3,2.1016,2.0259,23,15,14,1,1,0,1,0.07569999999999988
netherlands,kazakhstan,4,0,3.932,1.8367,33,22,4,1,1,0,4,2.0953
new_zealand,philippines,3,4,3.6296,2.2580999999999998,32,22,12,1,0,1,-1,1.3715000000000002
usa,iceland,4,5,3.2316000000000003,3.3285,26,29,12,1,0,1,-1,-0.09689999999999976
thailand,uk,2,3,4.1584,3.7466,30,36,12,1,0,1,-1,0.4118000000000004
switzerland,mexico,4,0,2.6332,2.5078,25,27,8,1,1,0,4,0.12539999999999996
guatemala,mongolia,3,2,3.4797000000000002,1.9074,34,21,16,1,1,0,1,1.5723000000000003
france,canada,6,5,5.0809,2.3762,37,24,6,1,1,0,1,2.7047
vietnam,south_korea,6,3,2.3672,3.1452,19,29,10,1,1,0,3,-0.778
singapore,uae,4,5,3.2137000000000002,3.468,33,32,20,1,0,1,-1,-0.25429999999999975
iceland,panama,2,3,1.929,3.8994,20,33,22,1,0,1,-1,-1.9704
pakistan,rwanda,7,0,4.3201,2.8363,38,25,14,1,1,0,7,1.4838
morocco,serbia,2,3,4.8748000000000005,2.6961,37,28,16,1,0,1,-1,2.1787000000000005
saudi_arabia,india,2,1,5.114,3.9941,48,42,22,1,1,0,1,1.1199
panama,switzerland,5,1,2.5375,1.7688,24,20,14,1,1,0,4,0.7687000000000002
usa,oman,4,5,3.7781000000000002,3.5262,32,33,14,1,0,1,-1,0.25190000000000046
ethiopia,china,2,1,2.825,2.5493,26,22,8,1,1,0,1,0.27570000000000006
germany,indonesia,0,5,3.138,2.7837,25,28,8,1,0,1,-5,0.35429999999999984
vietnam,philippines,2,3,4.8235,2.3453,40,21,18,1,0,1,-1,2.4782
iceland,mongolia,4,2,2.1243,2.2721,20,20,26,1,1,0,2,-0.14780000000000015
netherlands,uk,3,2,4.6165,2.9322,39,27,10,1,1,0,1,1.6843000000000004
netherlands,france,5,3,3.6959999999999997,3.3245,32,30,14,1,1,0,2,0.3714999999999997
new_zealand,uae,9,1,4.5079,1.6516,40,16,6,1,1,0,8,2.8563
thailand,guatemala,3,2,2.1063,3.1948000000000003,23,29,18,1,1,0,1,-1.0885000000000002
kazakhstan,france,2,3,2.2686,2.7651,21,25,6,1,0,1,-1,-0.4964999999999997
south_korea,mexico,7,6,2.9086,3.3427000000000002,30,29,22,1,1,0,1,-0.4341000000000004
singapore,canada,0,2,3.7405,3.5915999999999997,34,31,12,1,0,1,-2,0.14890000000000025
peru,brazil,7,1,4.5245,1.822,34,16,12,1,1,0,6,2.7024999999999997
guatemala,vietnam,4,6,4.7665,3.0422000000000002,38,37,12,1,0,1,-2,1.7242999999999995
brazil,germany,3,2,2.8657,2.2261,23,21,6,1,1,0,1,0.6395999999999997
south_korea,china,5,0,3.7837,2.5414,37,25,6,1,1,0,5,1.2423000000000002
usa,indonesia,4,3,3.1075,3.2391,26,28,18,1,1,0,1,-0.13160000000000016
uae,kazakhstan,2,1,2.5628,1.6049,22,20,6,1,1,0,1,0.9579000000000002
guatemala,germany,0,5,3.3745,3.6792,30,33,20,1,0,1,-5,-0.30469999999999997
ethiopia,thailand,5,4,3.6887999999999996,4.3661,32,33,10,1,1,0,1,-0.6773000000000007
philippines,india,1,0,1.5581,2.0867,16,25,6,1,1,0,1,-0.5286
morocco,rwanda,2,1,2.8539,3.5895,31,37,12,1,1,0,1,-0.7356000000000003
vietnam,pakistan,4,5,2.6383,4.9761,20,39,24,1,0,1,-1,-2.3377999999999997
saudi_arabia,singapore,3,2,2.8085,1.9513,27,21,6,1,1,0,1,0.8572
netherlands,oman,5,0,4.7095,2.3044,34,22,14,1,1,0,5,2.4051000000000005
uk,iceland,4,3,3.3806,2.5679,26,23,22,1,1,0,1,0.8127
france,china,2,3,4.1718,4.0988999999999995,35,34,14,1,0,1,-1,0.07290000000000063
serbia,panama,4,3,3.6369,3.5258000000000003,31,35,18,1,1,0,1,0.11109999999999953
vietnam,singapore,3,2,3.9971,4.2133,33,36,16,1,1,0,1,-0.21620000000000017
peru,mongolia,4,3,4.231,1.8697000000000001,34,20,16,1,1,0,1,2.3613
brazil,canada,4,3,3.1611000000000002,3.6871,24,33,12,1,1,0,1,-0.5259999999999998
kazakhstan,new_zealand,4,0,3.2393,2.4169,24,21,8,1,1,0,4,0.8224
uae,mexico,5,3,3.0946000000000002,3.1319000000000004,27,32,10,1,1,0,2,-0.03730000000000011
south_korea,switzerland,4,3,4.6415,2.7025,41,24,18,1,1,0,1,1.9389999999999996
peru,usa,5,1,3.0049,2.9464,29,25,16,1,1,0,4,0.058499999999999996
china,switzerland,9,4,4.099600000000001,2.7106,34,27,18,1,1,0,5,1.3890000000000007
saudi_arabia,pakistan,2,7,2.2331,4.0476,18,36,20,1,0,1,-5,-1.8145000000000002
rwanda,mexico,0,3,2.8918,3.1818,28,26,18,1,0,1,-3,-0.29000000000000004
uk,guatemala,4,0,4.1996,1.6284,38,17,2,1,1,0,4,2.5712
peru,canada,2,1,2.0354,1.4348,21,14,16,1,1,0,1,0.6006
serbia,thailand,5,3,2.955,3.507,31,30,14,1,1,0,2,-0.552
india,philippines,3,4,3.8184,3.5682,42,33,20,1,0,1,-1,0.2502
kazakhstan,oman,0,1,2.3177,2.2207,22,19,10,1,0,1,-1,0.09699999999999998
morocco,indonesia,2,3,2.8825,2.753,24,35,22,1,0,1,-1,0.12949999999999973
singapore,ethiopia,4,7,3.6106,2.8799,27,27,8,1,0,1,-3,0.7306999999999997
new_zealand,south_korea,6,5,2.5781,4.0871,24,37,10,1,1,0,1,-1.5090000000000003
france,vietnam,3,2,5.1015999999999995,1.8258,33,16,2,1,1,0,1,3.2757999999999994
uae,mongolia,0,1,3.0841,1.7121,28,20,14,1,0,1,-1,1.3719999999999999
germany,panama,7,3,3.1995,2.3964,27,21,10,1,1,0,4,0.8031000000000001
netherlands,canada,6,2,3.2975,2.4326000000000003,28,22,22,1,1,0,4,0.8648999999999996
rwanda,uae,3,2,2.6279,2.0807,28,20,18,1,1,0,1,0.5471999999999997
brazil,iceland,8,0,5.513999999999999,0.5651,42,8,6,1,1,0,8,4.948899999999999
thailand,rwanda,2,1,1.7168,1.806,15,19,10,1,1,0,1,-0.08919999999999995
oman,usa,5,3,4.4731000000000005,3.4273,34,28,12,1,1,0,2,1.0458000000000007
mongolia,philippines,1,2,1.5090999999999999,3.4912,17,36,10,1,0,1,-1,-1.9821000000000002
pakistan,singapore,2,0,3.908,2.5459,33,22,8,1,1,0,2,1.3620999999999999
china,guatemala,3,0,3.0782,1.7144,28,20,10,1,1,0,3,1.3638
indonesia,panama,2,1,2.4142,2.608,22,22,10,1,1,0,1,-0.19379999999999997
iceland,peru,6,5,4.3378,3.3603,39,37,10,1,1,0,1,0.9774999999999996
germany,serbia,2,5,3.669,2.5412,33,25,6,1,0,1,-3,1.1278000000000001
mexico,switzerland,3,6,2.1758,2.3634,22,23,14,1,0,1,-3,-0.18759999999999977
oman,china,5,4,3.6321,2.0905,33,19,10,1,1,0,1,1.5415999999999999
canada,kazakhstan,4,1,3.865,1.682,27,14,14,1,1,0,3,2.1830000000000003
uk,france,2,1,1.7785,2.9406,14,25,8,1,1,0,1,-1.1621
morocco,uae,0,4,1.5499,3.67,15,38,12,1,0,1,-4,-2.1201
new_zealand,ethiopia,4,2,3.8055,1.3914,30,15,6,1,1,0,2,2.4141
saudi_arabia,vietnam,4,3,2.7808,3.0455,23,31,16,1,1,0,1,-0.26469999999999994
south_korea,netherlands,2,7,2.8756,2.903,27,26,22,1,0,1,-5,-0.02740000000000009
rwanda,guatemala,1,2,2.0141,2.2264,23,23,12,1,0,1,-1,-0.21229999999999993
mongolia,serbia,2,0,1.3989,3.3718,17,30,14,1,1,0,2,-1.9728999999999999
saudi_arabia,philippines,3,2,2.8243,1.748,24,20,6,1,1,0,1,1.0763
thailand,panama,3,0,3.7393,2.5473,29,26,8,1,1,0,3,1.1920000000000002
china,singapore,3,4,3.2329,2.7965,28,27,10,1,0,1,-1,0.4363999999999999
philippines,saudi_arabia,1,2,3.0126,2.6724,30,24,18,1,0,1,-1,0.34019999999999984
ethiopia,morocco,6,4,3.6764,4.7382,35,45,24,1,1,0,2,-1.0617999999999999
china,indonesia,4,3,2.8122,2.704,23,34,12,1,1,0,1,0.10819999999999963
india,new_zealand,4,3,3.0976,2.0903,25,21,2,1,1,0,1,1.0072999999999999
south_korea,pakistan,3,1,3.5067000000000004,2.7544,31,23,8,1,1,0,2,0.7523000000000004
switzerland,peru,1,3,1.0268,2.2523,13,26,14,1,0,1,-2,-1.2255
uk,oman,2,3,4.8595,3.1031,34,25,14,1,0,1,-1,1.7563999999999997
france,germany,2,3,3.2045,2.6824,25,24,4,1,0,1,-1,0.5221
usa,kazakhstan,5,1,2.7857000000000003,2.5308,23,23,14,1,1,0,4,0.2549000000000001
canada,brazil,0,4,2.3635,3.5254,25,26,18,1,0,1,-4,-1.1618999999999997
iceland,vietnam,1,2,2.9972999999999996,2.1307,22,21,16,1,0,1,-1,0.8665999999999996
serbia,ethiopia,4,3,2.4779,3.077,21,26,18,1,1,0,1,-0.5991
mexico,singapore,3,4,4.4604,2.6647,31,22,18,1,0,1,-1,1.7957
netherlands,uae,2,0,2.5116,2.8615,26,32,8,1,1,0,2,-0.3498999999999999
thailand,singapore,2,7,3.465,3.9341999999999997,28,31,20,1,0,1,-5,-0.46919999999999984
ethiopia,serbia,3,4,4.8349,3.5224,36,36,10,1,0,1,-1,1.3125
saudi_arabia,philippines,1,2,3.0806,1.8221,23,19,10,1,0,1,-1,1.2585
usa,france,3,4,3.1607000000000003,3.1835,24,30,12,1,0,1,-1,-0.02279999999999971
peru,india,1,2,2.7498,4.9612,29,49,24,1,0,1,-1,-2.2114
south_korea,germany,6,1,3.6563,1.8164,33,17,6,1,1,0,5,1.8398999999999999
kazakhstan,uae,3,2,1.8359,2.1355999999999997,22,18,6,1,1,0,1,-0.29969999999999963
indonesia,iceland,1,2,2.2208,1.7971,22,16,8,1,0,1,-1,0.4237000000000002
india,panama,5,1,3.7183,1.628,33,19,2,1,1,0,4,2.0903
switzerland,rwanda,1,0,1.4919,3.4107,14,32,10,1,1,0,1,-1.9187999999999998
canada,pakistan,4,1,3.8896,3.633,30,30,14,1,1,0,3,0.25660000000000016
uk,china,3,2,2.8324,3.0324,23,26,4,1,1,0,1,-0.20000000000000018
new_zealand,panama,0,2,2.7580999999999998,2.8912999999999998,23,26,12,1,0,1,-2,-0.13319999999999999
vietnam,guatemala,2,3,3.1336,1.9435,32,18,12,1,0,1,-1,1.1901
morocco,netherlands,0,2,2.1599,2.4356,24,24,16,1,0,1,-2,-0.27570000000000006
mongolia,brazil,2,0,1.2823,4.6061,17,35,14,1,1,0,2,-3.3237999999999994
south_korea,thailand,4,5,2.0091,5.0622,23,35,16,1,0,1,-1,-3.0530999999999997
uk,morocco,3,4,4.0728,3.4008000000000003,40,30,12,1,0,1,-1,0.6719999999999997
china,rwanda,3,4,2.7374,2.0557,25,25,8,1,0,1,-1,0.6817000000000002
pakistan,switzerland,2,1,3.6781,2.1224,30,24,16,1,1,0,1,1.5557000000000003
new_zealand,mongolia,3,0,2.51,1.3809,19,17,8,1,1,0,3,1.1290999999999998
pakistan,usa,7,1,5.7939,1.6213,42,16,16,1,1,0,6,4.1726
vietnam,saudi_arabia,2,3,2.9167,3.5058,28,29,16,1,0,1,-1,-0.5890999999999997
oman,peru,1,5,2.444,3.747,25,27,18,1,0,1,-4,-1.303
mexico,ethiopia,5,3,2.6978,2.9167,27,31,10,1,1,0,2,-0.2189000000000001
indonesia,kazakhstan,3,1,2.3411,2.3495,20,24,6,1,1,0,2,-0.008399999999999963
panama,iceland,2,1,2.4765,1.8935,21,18,2,1,1,0,1,0.5830000000000002
singapore,serbia,1,3,2.0827,3.8814,21,29,20,1,0,1,-2,-1.7987000000000002
france,switzerland,2,3,2.0327,2.1766,19,23,10,1,0,1,-1,-0.14389999999999992
guatemala,uae,0,1,2.9425,1.2919,24,20,4,1,0,1,-1,1.6505999999999998
morocco,kazakhstan,1,4,3.2091000000000003,2.8609,27,24,14,1,0,1,-3,0.3482000000000003
canada,india,0,3,1.9556,2.7071,17,25,21,1,0,1,-3,-0.7515000000000001
philippines,brazil,2,3,3.8844999999999996,2.2004,34,20,4,1,0,1,-1,1.6840999999999995
netherlands,germany,3,1,3.6208,2.8981000000000003,28,24,18,1,1,0,2,0.7226999999999997
usa,china,2,1,3.1759,4.2211,25,34,14,1,1,0,1,-1.0452
saudi_arabia,thailand,2,0,1.7490999999999999,4.2356,19,35,12,1,1,0,2,-2.4865
kazakhstan,pakistan,2,3,2.6546000000000003,3.7258999999999998,23,31,6,1,0,1,-1,-1.0712999999999995
peru,singapore,2,1,2.3776,3.2274,24,22,19,1,1,0,1,-0.8497999999999997
germany,panama,2,3,3.1,2.416,25,21,4,1,0,1,-1,0.6840000000000002
indonesia,morocco,2,1,4.1171,2.8529,43,30,6,1,1,0,1,1.2641999999999998
india,guatemala,7,0,3.4584,2.5450999999999997,35,28,10,1,1,0,7,0.9133000000000004
usa,uk,2,1,4.1215,3.0697,33,27,14,1,1,0,1,1.0518
mongolia,rwanda,2,3,2.9347,1.81,26,19,8,1,0,1,-1,1.1246999999999998
new_zealand,mexico,3,1,1.55,2.751,15,21,20,1,1,0,2,-1.2009999999999998
france,ethiopia,4,3,3.4199,2.3181000000000003,31,22,6,1,1,0,1,1.1018
oman,vietnam,6,2,3.5255,3.3817,27,26,14,1,1,0,4,0.14380000000000015
serbia,canada,2,0,3.1951,2.0147,30,22,8,1,1,0,2,1.1804000000000001
iceland,philippines,2,1,3.373,1.5979,28,18,10,1,1,0,1,1.7751000000000001
switzerland,uae,4,2,1.9747,2.2233,25,21,18,1,1,0,2,-0.24860000000000015
brazil,south_korea,4,2,3.6497,2.1219,26,25,12,1,1,0,2,1.5278
saudi_arabia,germany,2,5,2.2473,2.6275,18,25,14,1,0,1,-3,-0.38019999999999987
morocco,uae,2,3,5.3136,1.6939,49,21,10,1,0,1,-1,3.6197
indonesia,iceland,3,1,2.473,2.4622,25,22,6,1,1,0,2,0.010799999999999699
uk,serbia,8,3,6.1366,2.302,40,20,10,1,1,0,5,3.8345999999999996
thailand,netherlands,3,2,2.4822,2.4674,24,24,12,1,1,0,1,0.014800000000000146
rwanda,new_zealand,3,2,2.6924,2.1,23,18,22,1,1,0,1,0.5924
pakistan,philippines,3,0,1.9426,2.5841,18,24,19,1,1,0,3,-0.6414999999999997
oman,france,2,1,3.5457,3.0933,29,26,8,1,1,0,1,0.4523999999999999
singapore,usa,2,3,2.8571,3.6705,26,32,14,1,0,1,-1,-0.8134000000000001
panama,indonesia,4,1,2.8447,2.7661,26,25,14,1,1,0,3,0.07860000000000023
mexico,south_korea,1,3,3.4508,2.708,32,29,12,1,0,1,-2,0.7427999999999999
guatemala,india,4,3,3.0295,2.383,27,29,14,1,1,0,1,0.6465000000000001
iceland,china,1,2,2.4972000000000003,3.012,21,25,20,1,0,1,-1,-0.5147999999999997
south_korea,germany,2,1,2.6077,2.9174,20,26,12,1,1,0,1,-0.3097000000000003
switzerland,brazil,1,3,2.0236,2.5083,23,23,20,1,0,1,-2,-0.48470000000000013
kazakhstan,mongolia,0,4,2.9253,3.6951,27,31,24,1,0,1,-4,-0.7698
ethiopia,vietnam,4,3,2.9949,1.7962,25,18,17,1,1,0,1,1.1986999999999999
india,pakistan,4,3,2.5717999999999996,5.8885000000000005,25,47,26,1,1,0,1,-3.316700000000001
saudi_arabia,china,1,2,1.8176,1.7711,16,16,10,1,0,1,-1,0.04650000000000021
peru,uk,2,0,2.5335,2.2151,23,20,8,1,1,0,2,0.3184
iceland,morocco,4,3,2.0823,2.0201,23,22,8,1,1,0,1,0.062200000000000255
serbia,canada,3,0,2.8027,2.7091,22,28,6,1,1,0,3,0.09360000000000035
kazakhstan,germany,3,4,2.6103,2.0100000000000002,23,17,0,1,0,1,-1,0.6002999999999998
rwanda,oman,3,1,3.6111,2.1962,32,21,8,1,1,0,2,1.4148999999999998
mexico,mongolia,3,2,3.7579,1.9511,32,23,16,1,1,0,1,1.8067999999999997
south_korea,usa,2,3,3.9814,3.6302,35,29,28,1,0,1,-1,0.35119999999999996
guatemala,new_zealand,5,6,4.4301,2.5315,32,31,17,1,0,1,-1,1.8986000000000005
panama,mexico,2,3,3.9619,3.2837,35,25,16,1,0,1,-1,0.6781999999999999
brazil,philippines,3,2,3.7342,3.3356999999999997,27,35,16,1,1,0,1,0.3985000000000003
vietnam,ethiopia,0,1,2.3203,2.6974,22,24,18,1,0,1,-1,-0.3771
uae,switzerland,1,2,3.1114,2.1396,31,25,10,1,0,1,-1,0.9718
indonesia,netherlands,5,3,2.9732,3.3346,31,28,2,1,1,0,2,-0.36140000000000017
france,singapore,2,3,3.3266999999999998,2.9067,27,23,18,1,0,1,-1,0.41999999999999993
mongolia,thailand,1,4,1.2278,3.1867,15,27,16,1,0,1,-3,-1.9589
saudi_arabia,rwanda,2,3,2.7219,2.9493,22,28,6,1,0,1,-1,-0.22739999999999982
guatemala,thailand,3,6,2.9314999999999998,4.4458,28,37,20,1,0,1,-3,-1.5143000000000004
thailand,uae,8,2,5.4049,1.8963999999999999,37,20,10,1,1,0,6,3.5084999999999997
usa,panama,4,3,3.2987,3.6516,29,34,16,1,1,0,1,-0.3529
oman,new_zealand,4,5,3.2493,3.1324,26,25,24,1,0,1,-1,0.11689999999999978
germany,serbia,4,5,3.9779999999999998,3.4021,32,27,12,1,0,1,-1,0.5758999999999999
morocco,peru,1,6,2.5317000000000003,2.3767,27,32,6,1,0,1,-5,0.15500000000000025
singapore,pakistan,3,6,2.4403,3.3308999999999997,21,29,18,1,0,1,-3,-0.8905999999999996
indonesia,india,4,1,2.5719,2.8245999999999998,26,32,4,1,1,0,3,-0.2526999999999999
kazakhstan,guatemala,1,5,1.3452,3.6878,21,34,14,1,0,1,-4,-2.3426
china,switzerland,4,0,3.6063,1.1465,33,13,4,1,1,0,4,2.4598
mexico,philippines,3,4,3.603,1.8762999999999999,33,17,10,1,0,1,-1,1.7267000000000003
ethiopia,netherlands,3,1,2.3194999999999997,2.0778,24,21,6,1,1,0,2,0.2416999999999998
canada,vietnam,4,0,2.8871,1.0903,23,12,6,1,1,0,4,1.7968000000000002
mongolia,iceland,2,3,3.3138,3.0392,36,25,10,1,0,1,-1,0.27459999999999996
vietnam,france,4,3,2.6830000000000003,2.5049,23,19,10,1,1,0,1,0.17810000000000015
netherlands,uk,1,0,1.4183000000000001,2.0525,13,20,8,1,1,0,1,-0.6342000000000001
brazil,canada,5,3,3.3882,2.1817,28,23,16,1,1,0,2,1.2064999999999997
south_korea,ethiopia,5,4,3.0051,3.4455,31,32,20,1,1,0,1,-0.4403999999999999
uk,india,8,3,4.2677,2.5987999999999998,34,26,8,1,1,0,5,1.6688999999999998
panama,saudi_arabia,3,4,4.1528,3.834,30,31,20,1,0,1,-1,0.3188
china,morocco,6,1,4.4168,1.7969,41,21,14,1,1,0,5,2.6199000000000003
germany,canada,1,4,2.5235,2.526,23,25,4,1,0,1,-3,-0.0024999999999999467
serbia,indonesia,3,5,2.5208,2.9625,20,33,8,1,0,1,-2,-0.4417
singapore,brazil,2,5,2.1128,4.6209999999999996,25,32,17,1,0,1,-3,-2.5081999999999995
singapore,new_zealand,3,1,2.0721,3.1022,18,28,6,1,1,0,2,-1.0301
kazakhstan,peru,2,6,1.7119,3.4367,18,28,19,1,0,1,-4,-1.7248
philippines,south_korea,4,0,2.0476,3.0587,21,26,16,1,1,0,4,-1.0110999999999999
iceland,rwanda,6,7,5.1684,3.9753,44,41,16,1,0,1,-1,1.1931000000000003
mongolia,thailand,4,5,2.5089,4.5016,27,39,8,1,0,1,-1,-1.9926999999999997
ethiopia,switzerland,5,4,1.6962,3.4667,19,32,22,1,1,0,1,-1.7705
oman,netherlands,5,4,4.5706999999999995,5.2163,37,43,31,1,1,0,1,-0.6456000000000008
guatemala,mexico,2,4,3.2978,3.2526,35,32,8,1,0,1,-2,0.04519999999999991
pakistan,vietnam,2,1,2.9072,2.4657999999999998,24,23,14,1,1,0,1,0.44140000000000024
usa,brazil,5,2,2.1725,2.3741,20,20,10,1,1,0,3,-0.2016
new_zealand,netherlands,3,5,2.1757,2.3286,23,21,12,1,0,1,-2,-0.1528999999999998
uae,france,3,4,2.3526,3.0961,22,28,12,1,0,1,-1,-0.7435
usa,china,2,9,2.6222,3.5189,27,29,20,1,0,1,-7,-0.8967
pakistan,ethiopia,1,2,2.803,2.8329,24,24,24,1,0,1,-1,-0.029900000000000038
saudi_arabia,guatemala,0,1,2.2762000000000002,2.2143,22,21,16,1,0,1,-1,0.061900000000000066
south_korea,peru,5,4,2.8503,3.0094,27,28,14,1,1,0,1,-0.15910000000000002
rwanda,kazakhstan,8,3,3.606,3.3668,27,27,16,1,1,0,5,0.23919999999999986
mongolia,india,1,0,1.332,2.0798,16,20,12,1,1,0,1,-0.7478
indonesia,uae,5,1,2.2849,2.0766,28,22,10,1,1,0,4,0.20829999999999993
morocco,switzerland,2,1,1.5887,1.9606,16,24,8,1,1,0,1,-0.3718999999999999
thailand,mexico,4,3,2.5609,1.7067999999999999,21,20,10,1,1,0,1,0.8541000000000003
peru,france,4,0,2.8289,1.4355,24,15,4,1,1,0,4,1.3934
oman,uk,3,1,3.1128,3.1797,27,24,16,1,1,0,2,-0.06689999999999996
panama,vietnam,6,1,4.0606,2.0166999999999997,29,19,10,1,1,0,5,2.0439000000000003
new_zealand,canada,4,3,3.2265,2.8192,24,20,14,1,1,0,1,0.4073000000000002
philippines,serbia,1,2,2.6524,3.5952,31,37,4,1,0,1,-1,-0.9428000000000001
germany,france,5,3,3.1249000000000002,4.4378,26,32,16,1,1,0,2,-1.3129
netherlands,brazil,3,0,2.2875,1.7504,18,18,4,1,1,0,3,0.5371000000000001
iceland,singapore,3,5,3.4948,2.4371,28,24,14,1,0,1,-2,1.0577
iceland,thailand,4,3,2.0076,4.4952,19,34,18,1,1,0,1,-2.4875999999999996
morocco,canada,2,1,1.8632,2.1975000000000002,19,25,4,1,1,0,1,-0.33430000000000026
rwanda,indonesia,3,0,2.6261,0.8347,25,10,4,1,1,0,3,1.7914
thailand,india,3,2,3.4001,3.7453,26,34,18,1,1,0,1,-0.34519999999999973
france,mongolia,4,3,4.4128,2.3889,34,22,10,1,1,0,1,2.0239
peru,uae,2,3,2.745,1.9653,27,21,14,1,0,1,-1,0.7797000000000001
usa,new_zealand,4,3,3.3974,3.7631,27,38,14,1,1,0,1,-0.3656999999999999
south_korea,saudi_arabia,5,4,3.0061,2.4215,31,22,10,1,1,0,1,0.5846
china,netherlands,2,4,2.5529,2.4706,24,26,10,1,0,1,-2,0.08230000000000004
pakistan,germany,5,6,4.1249,3.4574,32,31,16,1,0,1,-1,0.6675000000000004
oman,philippines,2,3,2.2003,3.5448,21,32,14,1,0,1,-1,-1.3445
india,singapore,4,1,4.178,2.6496,38,28,6,1,1,0,3,1.5284
ethiopia,panama,5,2,5.0293,2.639,37,26,12,1,1,0,3,2.3903000000000003
serbia,brazil,5,1,3.5271999999999997,5.0892,31,40,8,1,1,0,4,-1.5620000000000003
oman,singapore,2,5,3.3641,2.8662,30,27,14,1,0,1,-3,0.4979
vietnam,guatemala,2,1,2.0696,3.6925999999999997,21,32,20,1,1,0,1,-1.6229999999999998
mexico,kazakhstan,6,5,4.2219,1.6378,33,17,16,1,1,0,1,2.5841
uk,switzerland,4,3,5.4562,3.1004,50,34,20,1,1,0,1,2.3558
thailand,peru,4,2,2.634,2.138,21,23,10,1,1,0,2,0.496
saudi_arabia,usa,7,2,3.1807,2.9406,27,24,18,1,1,0,5,0.24009999999999998
morocco,mongolia,4,3,3.44,2.3072,35,26,16,1,1,0,1,1.1328
guatemala,rwanda,2,3,2.7431,2.7619,19,33,18,1,0,1,-1,-0.018799999999999706
iceland,pakistan,4,0,3.5791,2.1206,31,21,8,1,1,0,4,1.4585
singapore,indonesia,3,2,2.1456999999999997,2.9465,19,30,15,1,1,0,1,-0.8008000000000002
south_korea,germany,7,4,3.2923999999999998,2.3912,29,21,12,1,1,0,3,0.9011999999999998
usa,philippines,3,2,2.8271,2.4896,27,24,18,1,1,0,1,0.33750000000000036
china,kazakhstan,2,4,2.5387,2.4513,21,25,10,1,0,1,-2,0.08740000000000014
philippines,ethiopia,3,4,2.8348,3.8341000000000003,29,32,20,1,0,1,-1,-0.9993000000000003
serbia,uae,3,4,4.0852,4.4135,40,39,12,1,0,1,-1,-0.3282999999999996
canada,mexico,5,4,3.3827000000000003,3.1069,32,32,4,1,1,0,1,0.27580000000000027
netherlands,switzerland,2,1,2.6582,1.9319,22,24,8,1,1,0,1,0.7263
vietnam,new_zealand,3,5,3.6411,2.6004,28,22,14,1,0,1,-2,1.0406999999999997
oman,india,7,2,2.8762,2.7872999999999997,26,23,16,1,1,0,5,0.0889000000000002
france,brazil,2,4,3.4059,2.8405,27,21,12,1,0,1,-2,0.5653999999999999
uk,panama,3,1,3.3489,2.8981,28,25,8,1,1,0,2,0.4508000000000001
new_zealand,rwanda,4,3,4.0677,3.6733000000000002,32,31,8,1,1,0,1,0.3944000000000001
guatemala,mongolia,4,0,4.551,1.7907,32,30,2,1,1,0,4,2.7603
china,oman,3,5,3.8595,2.6670000000000003,27,28,8,1,0,1,-2,1.1925
ethiopia,germany,2,1,3.0308,2.2756,24,20,16,1,1,0,1,0.7552000000000003
philippines,morocco,4,0,3.8845,1.6158000000000001,34,20,6,1,1,0,4,2.2687
france,serbia,5,2,2.7084,3.0881,24,27,14,1,1,0,3,-0.3796999999999997
pakistan,panama,1,2,3.0540000000000003,2.7055,28,24,10,1,0,1,-1,0.3485000000000005
netherlands,saudi_arabia,0,2,2.2659000000000002,2.5106,23,24,12,1,0,1,-2,-0.24469999999999992
guatemala,indonesia,1,2,3.0139,2.3937999999999997,28,34,8,1,0,1,-1,0.6201000000000003
india,brazil,2,0,2.3179,2.9224,25,23,14,1,1,0,2,-0.6045000000000003
usa,iceland,2,3,4.1745,4.0319,37,33,20,1,0,1,-1,0.14259999999999984
uk,south_korea,6,2,3.9826,3.3681,30,27,18,1,1,0,4,0.6145
pakistan,germany,4,3,3.4774,3.3015,28,28,12,1,1,0,1,0.17589999999999995
vietnam,canada,7,3,3.0563000000000002,2.785,26,22,12,1,1,0,4,0.2713000000000001
mongolia,mexico,4,3,2.4731,5.0446,27,40,16,1,1,0,1,-2.5715
switzerland,peru,1,5,2.1269,4.746,24,38,28,1,0,1,-4,-2.6191000000000004
singapore,uae,3,2,2.6814,2.9932,24,27,14,1,1,0,1,-0.31179999999999986
kazakhstan,thailand,2,3,1.4992,3.152,14,26,6,1,0,1,-1,-1.6528
india,iceland,3,4,3.126,2.905,31,25,8,1,0,1,-1,0.22100000000000009
morocco,panama,3,2,4.8163,2.3527,44,22,6,1,1,0,1,2.4636
saudi_arabia,serbia,6,3,2.73,2.0404,25,22,8,1,1,0,3,0.6896
mongolia,peru,5,6,3.288,3.2641,30,28,17,1,0,1,-1,0.02389999999999981
germany,ethiopia,0,3,4.013,1.8960000000000001,33,18,10,1,0,1,-3,2.117
peru,indonesia,5,1,3.4524,1.9008,30,22,10,1,1,0,4,1.5515999999999999
usa,rwanda,3,0,4.3715,2.4939,36,26,8,1,1,0,3,1.8776000000000002
new_zealand,china,2,3,3.0370999999999997,4.4074,29,35,16,1,0,1,-1,-1.3703000000000003
philippines,pakistan,1,0,2.7576,2.4069,24,22,6,1,1,0,1,0.35070000000000023
uk,singapore,5,6,8.5078,2.697,48,24,10,1,0,1,-1,5.8107999999999995
france,guatemala,2,4,2.6633,2.1565,28,21,18,1,0,1,-2,0.5068000000000001
vietnam,mexico,4,3,2.971,2.8999,30,23,16,1,1,0,1,0.07109999999999994
kazakhstan,indonesia,0,5,1.2391,3.3882000000000003,12,31,12,1,0,1,-5,-2.1491000000000002
canada,south_korea,3,5,2.0455,3.6745,22,34,18,1,0,1,-2,-1.629
switzerland,uae,4,2,3.2982,2.2124,35,21,16,1,1,0,2,1.0857999999999999
oman,thailand,2,3,2.79,3.4265000000000003,29,24,18,1,0,1,-1,-0.6365000000000003
pakistan,thailand,3,1,2.7516,2.8230999999999997,24,21,12,0,1,0,2,-0.0714999999999999
kazakhstan,switzerland,3,4,3.3189,1.9254,30,20,0,0,0,1,-1,1.3935000000000002
rwanda,serbia,5,4,3.024,3.6712,27,30,20,0,1,0,1,-0.6471999999999998
netherlands,brazil,0,5,2.5261,3.5905,27,32,12,0,0,1,-5,-1.0644
morocco,india,3,2,3.7658000000000005,3.4592,29,32,16,0,1,0,1,0.3066000000000004
saudi_arabia,peru,1,0,2.5685000000000002,3.3131,23,35,16,0,1,0,1,-0.7445999999999997
pakistan,china,3,4,3.3309,2.1864,34,20,14,0,0,1,-1,1.1445000000000003
uk,switzerland,4,1,2.7155,1.5251,26,18,6,0,1,0,3,1.1904000000000001
philippines,serbia,1,2,2.4407,2.4898,27,24,8,0,0,1,-1,-0.0490999999999997
canada,germany,1,5,2.1493,3.1746,19,29,8,0,0,1,-4,-1.0252999999999997
ethiopia,guatemala,2,4,1.7116,3.1553,21,31,14,0,0,1,-2,-1.4437
oman,south_korea,2,4,1.873,3.2679,18,30,28,0,0,1,-2,-1.3949
new_zealand,mongolia,7,2,3.4256,2.4405,30,26,8,0,1,0,5,0.9851000000000001
panama,canada,4,2,2.3543,2.8035,22,24,10,0,1,0,2,-0.44920000000000027
iceland,netherlands,4,0,2.0596,2.2677,20,19,15,0,1,0,4,-0.20809999999999995
uae,indonesia,1,2,1.7261,2.3026999999999997,15,27,18,0,0,1,-1,-0.5765999999999998
usa,mexico,3,4,2.001,3.8837,18,32,12,0,0,1,-1,-1.8827000000000003
rwanda,panama,1,5,2.2175,3.5503,24,25,26,0,0,1,-4,-1.3328000000000002
france,kazakhstan,6,1,3.4081,1.4778,29,15,8,0,1,0,5,1.9303000000000001
singapore,brazil,4,5,3.3193,5.3765,37,39,22,0,0,1,-1,-2.0572
vietnam,thailand,1,3,2.8072,3.1693000000000002,30,23,16,0,0,1,-2,-0.3621000000000003
switzerland,thailand,0,5,0.8815,4.5169999999999995,12,35,16,0,0,1,-5,-3.6354999999999995
france,ethiopia,6,3,3.024,3.271,28,30,8,0,1,0,3,-0.2469999999999999
germany,rwanda,1,2,2.5322999999999998,2.6954,20,23,16,0,0,1,-1,-0.16310000000000002
ethiopia,switzerland,3,4,3.1363,4.0929,31,41,22,0,0,1,-1,-0.9566000000000003
saudi_arabia,canada,3,5,2.2325,1.8603,23,19,10,0,0,1,-2,0.37219999999999986
kazakhstan,philippines,0,1,2.3172,1.5471,29,17,6,0,0,1,-1,0.7701000000000002
india,netherlands,3,2,2.2817,4.0264,28,34,14,0,1,0,1,-1.7447
uk,iceland,4,1,3.1719,2.8753,30,25,12,0,1,0,3,0.29659999999999975
new_zealand,uae,5,2,4.9233,2.3761,38,21,6,0,1,0,3,2.5472
peru,vietnam,3,2,2.7586,4.3044,26,42,10,0,1,0,1,-1.5458000000000003
china,serbia,7,1,3.3221999999999996,3.098,30,28,12,0,1,0,6,0.22419999999999973
guatemala,mexico,6,2,2.3632,2.5339,25,24,12,0,1,0,4,-0.17070000000000007
mongolia,indonesia,1,5,0.9396,3.4311000000000003,12,29,16,0,0,1,-4,-2.4915000000000003
singapore,morocco,2,5,3.212,3.2949,32,30,14,0,0,1,-3,-0.08289999999999997
morocco,uae,7,0,4.6517,2.2586,41,26,12,0,1,0,7,2.3931
pakistan,panama,3,2,2.8035,3.1242,26,26,12,0,1,0,1,-0.3207
usa,brazil,1,2,3.8882,1.9207,33,15,20,0,0,1,-1,1.9674999999999998
saudi_arabia,ethiopia,3,2,3.6744,2.8853,35,27,10,0,1,0,1,0.7890999999999999
oman,serbia,2,3,2.7824,4.5167,26,35,28,0,0,1,-1,-1.7343000000000002
usa,uk,1,2,2.9006,3.8018,25,30,10,0,0,1,-1,-0.9012000000000002
kazakhstan,south_korea,2,7,2.8966,2.8254,24,26,12,0,0,1,-5,0.07119999999999971
morocco,mongolia,5,4,3.0033,2.7336,27,33,12,0,1,0,1,0.26969999999999983
netherlands,iceland,3,0,2.4712,1.1889,26,14,6,0,1,0,3,1.2823
canada,guatemala,0,4,2.3840000000000003,2.9812,27,25,20,0,0,1,-4,-0.5971999999999995
vietnam,germany,1,6,1.5686,3.8338,13,27,17,0,0,1,-5,-2.2652
saudi_arabia,france,3,4,3.2648,2.8418,29,26,20,0,0,1,-1,0.42300000000000004
thailand,singapore,6,5,3.9502,3.4866,34,33,12,0,1,0,1,0.4636
pakistan,france,4,3,4.1845,2.581,36,22,18,0,1,0,1,1.6035
peru,china,5,4,3.614,2.1611,39,21,8,0,1,0,1,1.4529
uae,philippines,4,3,2.3407,3.0446999999999997,26,27,20,0,1,0,1,-0.7039999999999997
mexico,brazil,3,4,2.5998,2.8258,25,26,14,0,0,1,-1,-0.22599999999999998
panama,rwanda,3,2,3.6779,1.97,30,20,4,0,1,0,1,1.7079000000000002
india,switzerland,2,1,1.2089,2.6419,14,28,14,0,1,0,1,-1.433
brazil,thailand,2,1,2.1804,3.2779000000000003,21,24,14,0,1,0,1,-1.0975000000000001
france,mexico,3,2,2.3984,3.4847,22,31,6,0,1,0,1,-1.0863
saudi_arabia,uk,0,3,2.0118,2.8485,19,24,10,0,0,1,-3,-0.8367
mexico,south_korea,3,4,2.5492,4.1558,25,38,22,0,0,1,-1,-1.6066000000000003
indonesia,oman,1,3,2.135,3.3428,22,24,16,0,0,1,-2,-1.2078000000000002
germany,peru,5,4,2.1281,3.8488,21,31,12,0,1,0,1,-1.7207000000000003
guatemala,new_zealand,4,1,3.7987,2.9713,34,31,14,0,1,0,3,0.8274000000000004
mongolia,rwanda,4,1,1.8954,2.0728,20,19,18,0,1,0,3,-0.1774
ethiopia,serbia,4,1,4.1826,3.9392,37,34,12,0,1,0,3,0.24339999999999984
china,uae,5,4,3.1698,4.2933,30,35,22,0,1,0,1,-1.1235000000000004
netherlands,usa,5,4,2.2978,3.7184,22,34,20,0,1,0,1,-1.4205999999999999
kazakhstan,pakistan,0,3,1.8738,3.1125,16,25,10,0,0,1,-3,-1.2387
canada,switzerland,1,5,2.5002,2.6583,24,25,16,0,0,1,-4,-0.15810000000000013
south_korea,singapore,4,5,2.8919,3.9369000000000005,29,32,16,0,0,1,-1,-1.0450000000000004
kazakhstan,new_zealand,1,2,3.2426,2.5737,23,20,6,0,0,1,-1,0.6688999999999998
panama,vietnam,2,5,2.6370999999999998,3.1986,21,28,12,0,0,1,-3,-0.5615000000000001
philippines,morocco,2,4,2.4274,3.7589,26,34,10,0,0,1,-2,-1.3315000000000001
singapore,rwanda,3,0,2.9652,2.8026999999999997,28,28,6,0,1,0,3,0.1625000000000001
saudi_arabia,serbia,4,5,3.9424999999999994,2.7532,29,26,8,0,0,1,-1,1.1892999999999994
china,morocco,2,3,2.8881,2.3294,29,23,12,0,0,1,-1,0.5587
brazil,panama,6,0,3.6864999999999997,1.4819,31,18,16,0,1,0,6,2.2045999999999997
ethiopia,thailand,5,1,2.3859,3.2164,27,25,22,0,1,0,4,-0.8305000000000002
india,south_korea,7,3,3.3395,2.6878,27,24,12,0,1,0,4,0.6517
pakistan,mongolia,1,2,3.424,3.4268,30,30,22,0,0,1,-1,-0.0028000000000001357
canada,usa,5,6,3.405,2.7803,31,25,10,0,0,1,-1,0.6246999999999998
netherlands,iceland,1,2,3.5524,2.0438,30,19,14,0,0,1,-1,1.5086
uk,oman,5,4,3.6975000000000002,2.8284,30,25,6,0,1,0,1,0.8691000000000004
mexico,vietnam,4,3,2.659,2.586,24,26,10,0,1,0,1,0.07299999999999995
indonesia,switzerland,4,3,2.2699000000000003,2.7903,25,24,12,0,1,0,1,-0.5203999999999995
germany,iceland,2,4,2.3199,3.5351,24,29,4,0,0,1,-2,-1.2151999999999998
kazakhstan,netherlands,1,4,1.6947,3.7105,19,28,12,0,0,1,-3,-2.0158
new_zealand,peru,1,6,1.1537,2.8979,13,21,18,0,0,1,-5,-1.7442
france,uae,2,4,2.0765000000000002,2.5077,19,21,16,0,0,1,-2,-0.4311999999999996
guatemala,philippines,2,1,2.183,2.8295,25,29,10,0,1,0,1,-0.6465000000000001
morocco,kazakhstan,1,3,1.6551,2.9099000000000004,15,31,14,0,0,1,-2,-1.2548000000000004
oman,iceland,3,2,4.5594,3.58,40,32,12,0,1,0,1,0.9794
brazil,uk,2,1,2.9992,2.5934,24,22,18,0,1,0,1,0.40580000000000016
rwanda,netherlands,0,4,1.9603,4.4027,23,28,26,0,0,1,-4,-2.4424
singapore,india,3,0,2.4287,3.5939,24,33,10,0,1,0,3,-1.1652
ethiopia,china,5,6,2.8539,5.426,29,49,16,0,0,1,-1,-2.5721000000000003
philippines,mexico,1,2,1.6051,4.785299999999999,19,36,22,0,0,1,-1,-3.1801999999999992
peru,pakistan,0,2,2.1021,2.9154,20,24,12,0,0,1,-2,-0.8132999999999999
mongolia,south_korea,1,5,1.449,3.8981,19,36,6,0,0,1,-4,-2.4490999999999996
saudi_arabia,serbia,2,3,2.1169000000000002,3.5433999999999997,22,29,12,0,0,1,-1,-1.4264999999999994
guatemala,switzerland,1,6,2.4302,1.9166,25,26,10,0,0,1,-5,0.5136000000000001
canada,panama,3,11,2.7763,3.898,27,31,16,0,0,1,-8,-1.1217000000000001
usa,new_zealand,3,4,3.0822,5.7272,23,43,24,0,0,1,-1,-2.645
rwanda,south_korea,5,4,3.3729999999999998,4.6931,31,38,20,0,1,0,1,-1.3201000000000005
uk,vietnam,0,1,3.0049,2.3862,23,20,12,0,0,1,-1,0.6187
indonesia,france,3,6,2.7976,4.4845999999999995,25,35,18,0,0,1,-3,-1.6869999999999994
thailand,brazil,1,4,2.2822,3.4282,22,27,16,0,0,1,-3,-1.146
germany,uae,2,3,2.2137000000000002,2.7509,23,21,20,0,0,1,-1,-0.5371999999999999
peru,france,3,2,2.2652,2.2032,21,22,8,0,1,0,1,0.06200000000000028
brazil,iceland,2,0,1.9794,1.7643,16,20,6,0,1,0,2,0.21510000000000007
new_zealand,india,0,2,2.6035,2.1896,25,20,8,0,0,1,-2,0.41389999999999993
netherlands,singapore,1,5,2.3211,4.1082,22,33,12,0,0,1,-4,-1.7871000000000001
oman,china,3,7,3.0055,5.2954,28,35,30,0,0,1,-4,-2.2899
canada,saudi_arabia,1,6,1.4864,4.0597,16,35,25,0,0,1,-5,-2.5733000000000006
canada,panama,1,5,2.2664,2.5171,22,23,12,0,0,1,-4,-0.25070000000000014
morocco,switzerland,5,4,3.0471,3.4514,29,32,18,0,1,0,1,-0.4043000000000001
serbia,mongolia,5,2,4.8365,2.3367,38,30,6,0,1,0,3,2.4998
uk,indonesia,2,3,3.0455,3.0058,20,31,8,0,0,1,-1,0.03970000000000029
guatemala,philippines,1,2,2.6304,3.9114,27,38,16,0,0,1,-1,-1.2810000000000001
ethiopia,kazakhstan,4,3,3.4691,2.3397,24,24,12,0,1,0,1,1.1294
pakistan,mexico,4,5,3.2857,4.2736,27,40,16,0,0,1,-1,-0.9879000000000002
uae,usa,0,6,1.8276000000000001,3.4735,21,36,6,0,0,1,-6,-1.6459
south_korea,panama,3,2,3.9055999999999997,1.627,36,15,10,0,1,0,1,2.2786
thailand,morocco,3,4,3.6079,2.146,33,25,8,0,0,1,-1,1.4619
germany,vietnam,4,5,4.5083,3.8718,38,29,22,0,0,1,-1,0.6365000000000003
switzerland,rwanda,4,3,2.5827,3.4766,23,25,20,0,1,0,1,-0.8938999999999999
china,oman,6,2,3.9592,3.1386,31,31,13,0,1,0,4,0.8206000000000002
saudi_arabia,thailand,3,4,2.7911,4.4671,26,32,22,0,0,1,-1,-1.6760000000000002
germany,china,2,5,2.1197,4.3488,24,30,18,0,0,1,-3,-2.2291
kazakhstan,morocco,1,3,2.7004,1.8859000000000001,27,19,8,0,0,1,-2,0.8145
south_korea,pakistan,5,7,3.7171,2.7595,35,25,16,0,0,1,-2,0.9575999999999998
mongolia,rwanda,3,2,1.6195,3.5153,20,30,30,0,1,0,1,-1.8958
serbia,vietnam,3,2,3.7512,2.3965,31,20,20,0,1,0,1,1.3546999999999998
ethiopia,philippines,3,1,1.8972,4.2117,18,37,18,0,1,0,2,-2.3145000000000007
brazil,new_zealand,3,4,4.2258,2.8779000000000003,31,33,12,0,0,1,-1,1.3478999999999992
switzerland,oman,2,1,2.7172,1.4752,26,15,12,0,1,0,1,1.242
france,india,0,4,1.8119,3.374,19,33,6,0,0,1,-4,-1.5621
serbia,ethiopia,4,1,3.5258000000000003,2.4629000000000003,36,28,0,0,1,0,3,1.0629
peru,usa,1,4,2.7429,2.6696,26,27,9,0,0,1,-3,0.07330000000000014
mexico,panama,5,1,4.3542000000000005,2.0311,29,22,8,0,1,0,4,2.3231000000000006
singapore,indonesia,2,3,2.9683,4.1575999999999995,27,38,12,0,0,1,-1,-1.1892999999999994
iceland,uae,3,2,2.438,2.6949,26,27,14,0,1,0,1,-0.2568999999999999
guatemala,netherlands,1,8,2.7983000000000002,4.015499999999999,24,38,16,0,0,1,-7,-1.2171999999999992
uk,canada,2,3,2.819,2.6644,24,25,6,0,0,1,-1,0.15459999999999985
thailand,india,1,3,2.7753,2.5825,25,27,20,0,0,1,-2,0.19280000000000008
morocco,germany,4,3,2.9495999999999998,3.6186000000000003,27,30,18,0,1,0,1,-0.6690000000000005
philippines,saudi_arabia,3,2,2.5324,2.4697,26,25,4,0,1,0,1,0.06269999999999998
brazil,ethiopia,2,3,2.2243,2.4153,19,26,12,0,0,1,-1,-0.19099999999999984
iceland,saudi_arabia,2,1,2.0599,2.751,22,22,10,0,1,0,1,-0.6911
uae,france,3,2,1.9399,5.1282000000000005,19,39,22,0,1,0,1,-3.188300000000001
guatemala,indonesia,4,3,2.9086000000000003,1.9552,28,21,10,0,1,0,1,0.9534000000000002
rwanda,oman,1,2,2.5289,2.8761,24,22,22,0,0,1,-1,-0.34719999999999995
uk,kazakhstan,2,3,3.6706,1.9913,27,18,8,0,0,1,-1,1.6792999999999998
netherlands,usa,3,2,2.6827,2.9846,22,30,14,0,1,0,1,-0.30189999999999984
serbia,pakistan,1,5,2.2580999999999998,3.8878,19,36,12,0,0,1,-4,-1.6297000000000001
panama,vietnam,1,2,3.1555,3.5886,25,30,17,0,0,1,-1,-0.43310000000000004
south_korea,peru,2,1,2.5174,2.5262000000000002,29,21,10,0,1,0,1,-0.008800000000000363
mexico,mongolia,0,4,2.4494,3.6221,25,26,26,0,0,1,-4,-1.1727000000000003
iceland,china,4,2,2.991,2.8613,28,26,14,0,1,0,2,0.12970000000000015
peru,india,0,2,1.3413,2.17,15,21,12,0,0,1,-2,-0.8287
new_zealand,canada,2,3,3.0146,4.7623999999999995,32,36,26,0,0,1,-1,-1.7477999999999994
thailand,mexico,4,3,2.4192,3.1353999999999997,22,30,12,0,1,0,1,-0.7161999999999997
pakistan,netherlands,1,2,1.9079,2.9462,20,23,20,0,0,1,-1,-1.0383000000000002
iceland,rwanda,3,4,2.1768,2.4326,18,24,10,0,0,1,-1,-0.2557999999999998
panama,ethiopia,4,1,3.4752,2.9519,34,29,12,0,1,0,3,0.5232999999999999
switzerland,serbia,5,1,3.5692,2.213,41,17,16,0,1,0,4,1.3561999999999999
vietnam,saudi_arabia,3,4,1.2534,3.9318000000000004,15,28,24,0,0,1,-1,-2.6784000000000003
oman,mongolia,5,7,3.1969000000000003,3.6458,30,32,22,0,0,1,-2,-0.44889999999999963
uae,canada,5,4,3.9328,3.3057,31,36,14,0,1,0,1,0.6271
peru,france,8,2,3.3445,3.3144,32,27,12,0,1,0,6,0.030100000000000016
mexico,pakistan,0,1,3.4216,3.4947,28,30,20,0,0,1,-1,-0.07309999999999972
india,uk,4,1,2.1167000000000002,2.9208,20,25,10,0,1,0,3,-0.8040999999999996
singapore,kazakhstan,2,3,2.4182,3.7367000000000004,22,34,16,0,0,1,-1,-1.3185000000000002
germany,morocco,2,4,2.6856,3.5156,25,30,12,0,0,1,-2,-0.8300000000000001
philippines,china,1,3,2.3764,2.9532,26,25,12,0,0,1,-2,-0.5768
indonesia,new_zealand,3,2,2.5194,3.7248,24,34,12,0,1,0,1,-1.2054
south_korea,brazil,4,5,2.829,4.7269000000000005,31,41,16,0,0,1,-1,-1.8979000000000004
new_zealand,uae,5,1,1.7174,0.888,19,8,6,0,1,0,4,0.8294
saudi_arabia,oman,3,4,3.4792,3.3019,25,29,16,0,0,1,-1,0.17730000000000024
uk,rwanda,2,3,3.1551,2.8126,28,23,10,0,0,1,-1,0.3424999999999998
indonesia,thailand,2,3,2.1705,3.9622,21,29,6,0,0,1,-1,-1.7917
philippines,guatemala,2,4,2.4827000000000004,3.6717999999999997,25,31,18,0,0,1,-2,-1.1890999999999994
south_korea,pakistan,2,3,2.3808,3.451,23,26,25,0,0,1,-1,-1.0702000000000003
germany,mongolia,2,3,3.2118,4.759,26,43,14,0,0,1,-1,-1.5472000000000001
singapore,serbia,2,8,1.69,4.7858,20,37,18,0,0,1,-6,-3.0958
morocco,mexico,2,4,2.1913,2.2455,23,27,10,0,0,1,-2,-0.054199999999999804
switzerland,india,0,5,1.5854,2.716,18,31,10,0,0,1,-5,-1.1306000000000003
guatemala,ethiopia,6,4,3.6351999999999998,3.4528,33,37,16,0,1,0,2,0.1823999999999999
kazakhstan,netherlands,3,4,2.7457,3.7712000000000003,25,32,12,0,0,1,-1,-1.0255000000000005
panama,china,1,2,2.8231,3.3895,22,29,12,0,0,1,-1,-0.5663999999999998
france,iceland,0,4,3.1283,3.4578,26,28,8,0,0,1,-4,-0.32950000000000035
usa,philippines,6,0,2.3726,2.7680000000000002,23,28,6,0,1,0,6,-0.3954000000000004
mongolia,panama,2,4,2.3748,3.0484,25,25,12,0,0,1,-2,-0.6736
vietnam,brazil,0,7,1.2838,3.6633,17,26,12,0,0,1,-7,-2.3795
peru,canada,3,5,3.2581,3.2756,31,27,18,0,0,1,-2,-0.017499999999999627
guatemala,panama,2,3,2.2099,3.8168,24,39,12,0,0,1,-1,-1.6069
south_korea,uae,4,3,3.1823,3.2647000000000004,38,28,16,0,1,0,1,-0.08240000000000025
morocco,peru,4,3,2.8256,2.3283,31,28,8,0,1,0,1,0.4973000000000001
thailand,switzerland,4,1,4.3579,1.3855,38,18,6,0,1,0,3,2.9724
saudi_arabia,mongolia,1,2,3.2551,1.8262,28,21,14,0,0,1,-1,1.4289
usa,ethiopia,3,5,2.3498,2.1894,22,20,6,0,0,1,-2,0.1604000000000001
rwanda,pakistan,3,2,2.4511000000000003,3.2155,18,24,16,0,1,0,1,-0.7643999999999997
iceland,china,1,0,1.4912999999999998,3.2892,17,27,14,0,1,0,1,-1.7979000000000003
canada,uk,4,3,3.8437,2.6863,32,23,2,0,1,0,1,1.1574
serbia,indonesia,2,3,3.6146,2.6808,31,24,16,0,0,1,-1,0.9337999999999997
canada,south_korea,3,6,2.8686000000000003,2.6339,26,26,8,0,0,1,-3,0.23470000000000013
mexico,germany,4,2,2.6141,2.5494,21,20,18,0,1,0,2,0.0647000000000002
oman,kazakhstan,4,3,3.2925,3.5334,27,30,16,0,1,0,1,-0.2408999999999999
uae,panama,3,4,1.7227999999999999,3.0124,17,26,10,0,0,1,-1,-1.2896
netherlands,france,2,1,2.8339,2.907,27,24,20,0,1,0,1,-0.07310000000000016
guatemala,singapore,3,2,2.9383,2.5205,25,26,10,0,1,0,1,0.4177999999999997
new_zealand,uk,4,2,3.5099,3.3335,28,22,16,0,1,0,2,0.1764000000000001
india,brazil,2,7,2.1889,4.4638,29,33,14,0,0,1,-5,-2.2749
philippines,vietnam,2,3,1.8243,3.5345,16,27,20,0,0,1,-1,-1.7102
new_zealand,kazakhstan,9,6,3.0986000000000002,2.8767,30,26,14,0,1,0,3,0.2219000000000002
india,vietnam,3,2,2.7079,3.9976000000000003,24,34,14,0,1,0,1,-1.2897000000000003
morocco,brazil,2,5,1.8627,2.6833,23,24,12,0,0,1,-3,-0.8206
usa,china,1,5,2.7102,3.9074,24,31,8,0,0,1,-4,-1.1972
guatemala,iceland,4,7,2.9771,3.1444,28,36,12,0,0,1,-3,-0.1673
new_zealand,serbia,4,1,3.1565,2.1085,31,19,10,0,1,0,3,1.048
pakistan,south_korea,4,5,3.5792,3.7972,29,29,28,0,0,1,-1,-0.21799999999999997
mongolia,saudi_arabia,0,2,1.5601,3.6502,20,29,14,0,0,1,-2,-2.0900999999999996
germany,mexico,3,2,3.4337999999999997,2.5044,31,19,18,0,1,0,1,0.9293999999999998
netherlands,rwanda,1,5,2.3952999999999998,2.9448,19,28,14,0,0,1,-4,-0.5495000000000001
singapore,uk,6,5,5.7766,3.9566,42,33,6,0,1,0,1,1.8200000000000003
south_korea,philippines,1,2,3.8327999999999998,2.1502,34,19,16,0,0,1,-1,1.6825999999999999
netherlands,indonesia,2,3,2.092,2.0773,20,21,12,0,0,1,-1,0.014699999999999935
thailand,panama,1,2,2.8923,3.2182,21,27,16,0,0,1,-1,-0.32589999999999986
switzerland,indonesia,4,2,2.2889999999999997,3.1342999999999996,25,29,24,0,1,0,2,-0.8452999999999999
france,canada,1,2,2.0549999999999997,2.9177999999999997,19,26,8,0,0,1,-1,-0.8628
oman,philippines,4,2,1.8054000000000001,3.113,19,28,19,0,1,0,2,-1.3075999999999999
kazakhstan,peru,2,1,2.8929,2.0454,24,18,10,0,1,0,1,0.8475000000000001
ethiopia,uae,4,5,1.8041,4.3243,20,36,20,0,0,1,-1,-2.5202
thailand,canada,1,3,3.2997,2.6348000000000003,28,23,18,0,0,1,-2,0.6648999999999998
pakistan,germany,6,5,3.7237999999999998,3.8824000000000005,33,26,20,0,1,0,1,-0.15860000000000074
saudi_arabia,china,1,0,3.6847,3.5344,38,32,18,0,1,0,1,0.15029999999999966
switzerland,morocco,1,7,2.0261,3.3883,29,33,36,0,0,1,-6,-1.3622
germany,vietnam,5,0,3.7018999999999997,2.0944000000000003,28,19,4,0,1,0,5,1.6074999999999995
new_zealand,south_korea,2,1,2.6258,3.2166,20,30,12,0,1,0,1,-0.5908000000000002
rwanda,peru,0,4,1.6512,3.3933999999999997,17,27,18,0,0,1,-4,-1.7421999999999997
philippines,singapore,6,5,3.1505,4.0756000000000006,26,38,16,0,1,0,1,-0.9251000000000005
kazakhstan,france,4,1,2.0064,2.6664000000000003,18,21,14,0,1,0,3,-0.6600000000000001
india,ethiopia,2,3,3.4947,2.567,37,22,14,0,0,1,-1,0.9276999999999997
iceland,guatemala,1,0,3.5724,5.6666,40,52,34,0,1,0,1,-2.0942
serbia,oman,4,2,2.7748,2.2016,25,18,12,0,1,0,2,0.5731999999999999
usa,uk,3,2,3.7206,4.4415000000000004,28,35,18,0,1,0,1,-0.7209000000000003
indonesia,brazil,5,4,2.603,4.2709,28,32,10,0,1,0,1,-1.6679
netherlands,mongolia,0,4,1.9236,1.4301,19,18,6,0,0,1,-4,0.49350000000000005
usa,thailand,4,5,2.3909,5.5778,26,36,24,0,0,1,-1,-3.1869
uae,vietnam,2,3,2.0167,2.6991,17,24,16,0,0,1,-1,-0.6823999999999999
panama,mexico,1,4,2.6377,3.268,31,24,12,0,0,1,-3,-0.6302999999999996
usa,morocco,2,6,2.2971,3.7708,24,34,20,0,0,1,-4,-1.4737
china,rwanda,7,2,2.9383,2.3672,24,25,4,0,1,0,5,0.5710999999999999
ethiopia,thailand,1,3,2.3224,4.2104,24,32,22,0,0,1,-2,-1.888
oman,peru,5,6,3.4051,3.129,28,28,22,0,0,1,-1,0.2761
mongolia,pakistan,0,3,1.8997,4.644,22,36,12,0,0,1,-3,-2.7443
indonesia,new_zealand,1,4,1.7406,2.9973,17,25,14,0,0,1,-3,-1.2567000000000002
singapore,switzerland,1,0,2.7674,2.0915,28,23,10,0,1,0,1,0.6759
serbia,guatemala,3,2,3.8689999999999998,3.0536,41,24,16,0,1,0,1,0.8153999999999999
brazil,uae,2,3,2.5517,3.6557999999999997,25,34,28,0,0,1,-1,-1.1040999999999999
canada,mexico,1,4,2.004,2.6092,22,24,18,0,0,1,-3,-0.6052
kazakhstan,india,3,2,2.4838,2.4871,26,23,8,0,1,0,1,-0.0032999999999998586
iceland,vietnam,6,5,3.5093,3.2425,28,30,18,0,1,0,1,0.2667999999999999
germany,panama,1,7,2.0993,3.4805,19,30,12,0,0,1,-6,-1.3812000000000002
france,uk,2,4,3.0771,3.3625,28,26,8,0,0,1,-2,-0.28539999999999965
philippines,netherlands,1,6,1.1131,3.0529,15,24,20,0,0,1,-5,-1.9398000000000002
brazil,south_korea,4,2,4.8575,3.2769999999999997,32,33,17,0,1,0,2,1.5805000000000002
netherlands,serbia,2,5,2.3436,4.0352,28,33,12,0,0,1,-3,-1.6915999999999998
thailand,indonesia,2,1,5.8315,2.0231,41,19,14,0,1,0,1,3.8084000000000002
ethiopia,canada,3,4,2.7435,3.8553,29,39,18,0,0,1,-1,-1.1118000000000001
france,singapore,3,4,4.8053,3.045,39,29,10,0,0,1,-1,1.7603
mexico,saudi_arabia,3,4,2.8565,2.3461,26,19,14,0,0,1,-1,0.5104000000000002
germany,oman,2,0,2.9611,3.4396,22,26,8,0,1,0,2,-0.4784999999999999
uae,mongolia,2,1,2.5221,2.3952,27,31,6,0,1,0,1,0.1269
peru,brazil,3,2,2.9332,3.2284,35,28,12,0,1,0,1,-0.29520000000000035
rwanda,vietnam,4,5,4.1704,4.0587,29,27,22,0,0,1,-1,0.11169999999999991
philippines,panama,2,1,3.5211,2.4354999999999998,33,25,8,0,1,0,1,1.0856000000000003
uk,singapore,3,1,4.1309000000000005,2.5768,32,22,8,0,1,0,2,1.5541000000000005
china,pakistan,4,1,3.8770000000000002,2.4661,28,23,14,0,1,0,3,1.4109000000000003
usa,switzerland,1,5,2.6449000000000003,3.6532999999999998,24,27,18,0,0,1,-4,-1.0083999999999995
iceland,kazakhstan,1,2,2.868,3.8845,26,37,12,0,0,1,-1,-1.0165000000000002
thailand,usa,6,3,3.2011000000000003,3.1711,26,28,16,0,1,0,3,0.03000000000000025
south_korea,morocco,4,8,2.4183,2.9001,28,27,24,0,0,1,-4,-0.48180000000000023
india,france,3,5,3.5993,3.263,33,28,14,0,0,1,-2,0.33630000000000004
morocco,pakistan,4,7,2.6421,4.1216,22,37,18,0,0,1,-3,-1.4794999999999998
vietnam,thailand,3,9,1.8459,4.5753,22,33,16,0,0,1,-6,-2.7294
iceland,philippines,2,3,2.9376,3.141,24,23,25,0,0,1,-1,-0.2033999999999998
mongolia,south_korea,2,4,1.8866,3.7367,17,32,18,0,0,1,-2,-1.8500999999999999
brazil,saudi_arabia,3,2,3.234,1.9728999999999999,28,21,6,0,1,0,1,1.2611
france,usa,5,3,5.0353,3.4183,37,25,12,0,1,0,2,1.6170000000000004
ethiopia,rwanda,5,2,2.5958,1.9482,27,20,10,0,1,0,3,0.6476000000000002
china,indonesia,2,4,2.0412999999999997,1.8408,17,25,2,0,0,1,-2,0.20049999999999968
south_korea,germany,7,3,4.7506,1.8212000000000002,37,17,10,0,1,0,4,2.9294000000000002
canada,kazakhstan,5,6,4.1304,2.6624000000000003,32,22,10,0,0,1,-1,1.4679999999999995
oman,germany,2,3,4.1615,1.9621,28,16,16,0,0,1,-1,2.1994000000000002
new_zealand,mexico,3,2,2.2591,3.0643000000000002,23,23,14,0,1,0,1,-0.8052000000000001
guatemala,panama,3,2,4.1083,2.2765999999999997,43,24,18,0,1,0,1,1.8317
netherlands,singapore,10,1,4.7571,2.3545,42,20,20,0,1,0,9,2.4026000000000005
uk,serbia,7,2,3.2589,3.4119,31,28,18,0,1,0,5,-0.15300000000000002
india,uae,2,4,3.3943000000000003,3.0344,36,26,12,0,0,1,-2,0.3599000000000001
peru,switzerland,2,3,3.0236,4.2363,31,43,31,0,0,1,-1,-1.2127
usa,singapore,0,2,3.3486000000000002,3.3373000000000004,28,27,14,0,0,1,-2,0.011299999999999866
thailand,canada,2,3,3.2418,3.1710000000000003,22,31,14,0,0,1,-1,0.07079999999999975
indonesia,morocco,4,1,2.0594,2.8938,25,27,12,0,1,0,3,-0.8344
peru,morocco,2,4,3.6766,2.8173,30,26,14,0,0,1,-2,0.8593000000000002
rwanda,uae,3,4,2.5331,5.2479,27,35,24,0,0,1,-1,-2.7147999999999994
india,mexico,2,1,2.3623000000000003,2.6555,28,25,6,0,1,0,1,-0.2931999999999997
ethiopia,indonesia,6,3,2.3354,4.0235,21,38,26,0,1,0,3,-1.6881000000000004
guatemala,south_korea,7,3,3.3714,3.8036000000000003,29,36,21,0,1,0,4,-0.43220000000000036
mongolia,germany,5,7,2.2963,4.2274,24,31,16,0,0,1,-2,-1.9311000000000003
france,china,6,7,3.4589,4.4421,30,33,16,0,0,1,-1,-0.9832000000000001
iceland,uk,2,1,2.7041,2.9646,24,25,16,0,1,0,1,-0.26049999999999995
panama,oman,2,7,2.8394,3.2437,26,28,14,0,0,1,-5,-0.4043000000000001
saudi_arabia,pakistan,1,3,1.6945000000000001,2.7713,15,25,18,0,0,1,-2,-1.0768
serbia,peru,6,5,4.3952,4.0969999999999995,40,42,12,0,1,0,1,0.29820000000000046
netherlands,new_zealand,0,2,3.7451,1.5705,28,15,8,0,0,1,-2,2.1746
philippines,brazil,4,1,1.9272,3.1281,23,25,15,0,1,0,3,-1.2008999999999999
kazakhstan,serbia,1,5,2.9013,3.1025,25,27,4,0,0,1,-4,-0.20120000000000005
switzerland,vietnam,1,2,2.0353,2.5345,19,23,6,0,0,1,-1,-0.4992000000000001
saudi_arabia,india,2,4,1.82,2.7513,19,27,12,0,0,1,-2,-0.9313
uae,oman,4,5,2.8369999999999997,3.8776,23,33,29,0,0,1,-1,-1.0406000000000004
kazakhstan,panama,3,2,2.165,3.6179,17,29,8,0,1,0,1,-1.4529
guatemala,pakistan,2,4,2.208,3.563,23,36,12,0,0,1,-2,-1.355
serbia,philippines,2,3,3.7500999999999998,1.9162000000000001,31,21,6,0,0,1,-1,1.8338999999999996
usa,france,0,3,1.7559,3.596,16,24,22,0,0,1,-3,-1.8401
pakistan,mexico,2,1,2.9556,2.7092,27,25,14,0,1,0,1,0.24639999999999995
canada,brazil,4,7,1.5866,4.6565,19,35,17,0,0,1,-3,-3.0699000000000005
switzerland,iceland,1,7,0.9444,3.7774,12,32,18,0,0,1,-6,-2.833
rwanda,uk,3,4,2.9492000000000003,4.7965,28,38,30,0,0,1,-1,-1.8472999999999997
indonesia,netherlands,1,2,2.0378,2.6133,23,26,6,0,0,1,-1,-0.5755000000000003
south_korea,mexico,0,4,1.7237,2.3731,18,21,10,0,0,1,-4,-0.6494
morocco,new_zealand,2,5,1.3256999999999999,3.7612,14,34,14,0,0,1,-3,-2.4355
singapore,peru,3,7,3.2345,4.3651,30,38,14,0,0,1,-4,-1.1305999999999998
thailand,philippines,5,4,2.6694,2.5275,22,27,14,0,1,0,1,0.14190000000000014
guatemala,mongolia,2,1,3.9669,2.2592,39,28,20,0,1,0,1,1.7077
mexico,pakistan,0,6,1.9651999999999998,4.5464,18,33,25,0,0,1,-6,-2.5812000000000004
brazil,mexico,6,1,3.2121000000000004,2.7186999999999997,27,28,8,0,1,0,5,0.4934000000000007
new_zealand,brazil,2,3,3.5941,3.3454,30,26,14,0,0,1,-1,0.24869999999999992
oman,ethiopia,3,7,3.9402,4.806,37,33,37,0,0,1,-4,-0.8658000000000001
peru,new_zealand,1,2,2.893,2.0691,23,20,8,0,0,1,-1,0.8238999999999996
china,panama,4,1,3.6477,2.4669000000000003,32,22,12,0,1,0,3,1.1807999999999996
usa,serbia,2,7,1.9691999999999998,4.300599999999999,21,34,26,0,0,1,-5,-2.3313999999999995
morocco,canada,0,4,2.0136,4.865399999999999,23,44,20,0,0,1,-4,-2.8517999999999994
kazakhstan,iceland,1,2,2.1149,2.8505,22,26,10,0,0,1,-1,-0.7355999999999998
germany,indonesia,2,4,2.4301,3.2008,19,25,22,0,0,1,-2,-0.7707000000000002
saudi_arabia,vietnam,2,5,3.5167,2.7883,27,27,8,0,0,1,-3,0.7284000000000002
france,switzerland,0,2,2.4745,1.2708,24,13,10,0,0,1,-2,1.2037
south_korea,netherlands,4,5,2.3279,4.2459999999999996,29,29,24,0,0,1,-1,-1.9180999999999995
rwanda,philippines,0,4,2.9265999999999996,2.5223,26,26,8,0,0,1,-4,0.40429999999999966
uae,uk,3,1,2.1164,3.0211,19,21,8,0,1,0,2,-0.9047000000000001
rwanda,brazil,0,3,1.9921,2.4804,24,18,13,0,0,1,-3,-0.48829999999999996
singapore,india,4,3,4.8877,3.7095,48,37,12,0,1,0,1,1.1782
uk,saudi_arabia,4,5,2.7782,4.4168,25,32,14,0,0,1,-1,-1.6386000000000003
china,vietnam,5,3,3.2683,4.3604,25,34,20,0,1,0,2,-1.0921000000000003
switzerland,france,3,4,1.9225,2.8584,23,24,18,0,0,1,-1,-0.9359
india,kazakhstan,2,1,2.3593,3.9229000000000003,26,35,10,0,1,0,1,-1.5636
ethiopia,mongolia,6,2,3.2625,2.2509,31,26,12,0,1,0,4,1.0116
netherlands,oman,3,1,2.7207,1.6708,25,16,12,0,1,0,2,1.0498999999999998
canada,panama,5,4,3.7975000000000003,3.0571,32,27,14,0,1,0,1,0.7404000000000002
singapore,guatemala,3,2,2.0254,4.0120000000000005,21,33,16,0,1,0,1,-1.9866000000000006
india,oman,4,1,1.8717,2.5179,18,23,12,0,1,0,3,-0.6462000000000001
uae,iceland,3,2,2.9983000000000004,3.2652,27,28,14,0,1,0,1,-0.2668999999999997
thailand,new_zealand,2,1,3.1083,1.8622,23,21,4,0,1,0,1,1.2460999999999998
rwanda,philippines,1,4,2.575,3.1452,25,28,28,0,0,1,-3,-0.5701999999999998
mexico,china,4,3,2.7602,2.7252,26,25,22,0,1,0,1,0.03500000000000014
saudi_arabia,indonesia,3,2,2.5393,2.1599,26,21,10,0,1,0,1,0.37939999999999996
brazil,ethiopia,3,1,3.163,2.7948999999999997,30,30,12,0,1,0,2,0.3681000000000001
singapore,kazakhstan,3,1,2.5232,2.1752000000000002,21,20,12,0,1,0,2,0.34799999999999986
south_korea,india,6,3,3.5297,2.4907,35,20,14,0,1,0,3,1.0390000000000001
vietnam,morocco,3,5,2.1705,4.2935,23,36,22,0,0,1,-2,-2.1229999999999998
usa,guatemala,2,6,2.4292,3.9877,34,34,16,0,0,1,-4,-1.5585
vietnam,uk,5,4,2.9291,3.8033,28,29,20,0,1,0,1,-0.8742000000000001
pakistan,peru,3,2,3.9513,3.0736,33,28,12,0,1,0,1,0.8776999999999999
france,panama,0,5,2.6001,2.9765,24,21,14,0,0,1,-5,-0.3764000000000003
canada,oman,3,2,1.9947,2.6681999999999997,20,23,10,0,1,0,1,-0.6734999999999998
iceland,uk,0,2,3.751,3.2777999999999996,34,27,12,0,0,1,-2,0.4732000000000003
uae,germany,6,2,3.3817,1.4814,31,14,8,0,1,0,4,1.9002999999999999
serbia,mongolia,2,1,3.5492,2.9834,32,35,17,0,1,0,1,0.5657999999999999
netherlands,switzerland,2,0,2.6894,1.7052,24,18,10,0,1,0,2,0.9842
india,china,1,4,2.0683,3.3621999999999996,24,29,8,0,0,1,-3,-1.2938999999999998
morocco,saudi_arabia,0,4,2.7426,2.3729,29,25,4,0,0,1,-4,0.3696999999999999
rwanda,mexico,3,4,2.2127,2.8487,24,29,20,0,0,1,-1,-0.6360000000000001
france,thailand,4,5,4.1225,3.1379,31,23,10,0,0,1,-1,0.9845999999999995
serbia,uae,1,2,2.0307,2.4453,22,26,8,0,0,1,-1,-0.4146000000000001
pakistan,panama,4,3,2.4871,3.2525,22,26,6,0,1,0,1,-0.7654000000000001
ethiopia,canada,4,2,3.7757,2.5682,31,25,12,0,1,0,2,1.2075
philippines,guatemala,2,3,2.2884,3.1435999999999997,32,27,18,0,0,1,-1,-0.8551999999999995
usa,germany,7,3,3.9954,3.9229000000000003,33,33,12,0,1,0,4,0.07249999999999979
oman,brazil,1,2,2.5872,4.1721,28,28,20,0,0,1,-1,-1.5849000000000002
indonesia,south_korea,7,3,3.4256,2.2328,33,23,2,0,1,0,4,1.1928
uk,france,3,5,3.3006,3.5366,28,28,12,0,0,1,-2,-0.23599999999999977
iceland,thailand,1,5,2.904,3.6693,26,32,8,0,0,1,-4,-0.7652999999999999
switzerland,new_zealand,2,3,4.6888000000000005,2.5506,34,18,24,0,0,1,-1,2.1382000000000003
peru,philippines,0,1,2.1473,2.9396,20,29,20,0,0,1,-1,-0.7923
vietnam,kazakhstan,1,2,3.031,5.7669,27,45,22,0,0,1,-1,-2.7358999999999996
mongolia,singapore,4,3,3.3802,3.6531000000000002,36,27,18,0,1,0,1,-0.27290000000000036
netherlands,peru,2,1,2.3372,2.936,23,31,12,0,1,0,1,-0.5987999999999998
south_korea,serbia,1,4,2.6442,2.7184,31,25,10,0,0,1,-3,-0.07419999999999982
saudi_arabia,kazakhstan,1,2,2.4847,1.6976000000000002,21,15,12,0,0,1,-1,0.7870999999999999
morocco,thailand,1,6,2.2519,3.2072,24,30,8,0,0,1,-5,-0.9552999999999998
peru,rwanda,4,2,3.5465999999999998,2.1867,33,20,10,0,1,0,2,1.3598999999999997
iceland,pakistan,5,0,2.3304,2.8982,20,24,20,0,1,0,5,-0.5678000000000001
uk,panama,5,4,3.2557,3.4339,30,26,14,0,1,0,1,-0.17819999999999991
switzerland,new_zealand,3,6,3.2215,2.3417,28,21,14,0,0,1,-3,0.8797999999999999
vietnam,india,3,4,2.211,3.5978,22,31,10,0,0,1,-1,-1.3868
china,canada,4,1,2.6961999999999997,3.5139,21,37,6,0,1,0,3,-0.8177000000000003
indonesia,vietnam,5,3,3.7832,3.8434,34,32,8,0,1,0,2,-0.06020000000000003
germany,philippines,3,2,3.8101,3.1042,31,31,10,0,1,0,1,0.7058999999999997
ethiopia,brazil,3,6,3.3205,4.1467,35,33,12,0,0,1,-3,-0.8262
india,usa,3,4,2.9802,2.5624000000000002,26,24,16,0,0,1,-1,0.4177999999999997
mongolia,oman,3,2,2.4951,4.2196,23,32,8,0,1,0,1,-1.7245
guatemala,uae,2,3,3.8059000000000003,2.9905,35,27,18,0,0,1,-1,0.8154000000000003
mexico,netherlands,2,3,3.5212,2.9057,40,27,26,0,0,1,-1,0.6154999999999999
france,singapore,1,2,2.9097,3.5197000000000003,25,25,14,0,0,1,-1,-0.6100000000000003
thailand,germany,4,3,3.9891,4.299799999999999,29,34,20,0,1,0,1,-0.3106999999999993
canada,saudi_arabia,2,3,2.6092,3.1115,26,28,8,0,0,1,-1,-0.5023
oman,canada,4,3,3.4375,3.2208,28,24,14,0,1,0,1,0.2166999999999999
pakistan,saudi_arabia,4,1,3.0368,2.7008,30,21,14,0,1,0,3,0.33599999999999985
serbia,kazakhstan,2,4,3.1984,2.6997,28,27,10,0,0,1,-2,0.4986999999999999
ethiopia,rwanda,4,3,2.8632,3.2561,23,27,24,0,1,0,1,-0.3929
singapore,mongolia,3,7,2.4184,3.9680000000000004,23,36,18,0,0,1,-4,-1.5496000000000003
indonesia,peru,3,2,2.6575,2.6074,25,25,10,0,1,0,1,0.05010000000000003
china,morocco,0,1,2.6563,2.3291,29,28,4,0,0,1,-1,0.32719999999999994
guatemala,panama,6,5,3.2145,3.7024,32,32,16,0,1,0,1,-0.4878999999999998
usa,india,0,2,1.538,3.2500999999999998,15,28,20,0,0,1,-2,-1.7120999999999997
philippines,south_korea,3,4,2.8085,5.1832,27,47,20,0,0,1,-1,-2.3747000000000003
morocco,france,2,3,3.0509,3.4075,27,31,12,0,0,1,-1,-0.35660000000000025
iceland,germany,4,5,3.0934,2.9139,26,27,14,0,0,1,-1,0.1795
iceland,mexico,2,4,1.7979,4.2481,19,34,22,0,0,1,-2,-2.4501999999999997
new_zealand,switzerland,3,4,4.9784999999999995,3.7707,44,38,12,0,0,1,-1,1.2077999999999993
vietnam,netherlands,3,2,1.9585000000000001,3.6823,23,28,23,0,1,0,1,-1.7238
iceland,switzerland,1,0,2.4045,2.2958000000000003,24,20,18,0,1,0,1,0.1086999999999998
netherlands,philippines,2,3,1.8174,2.3075,16,27,12,0,0,1,-1,-0.4901000000000002
uae,china,0,2,2.4989,2.4751,23,24,12,0,0,1,-2,0.023800000000000043
brazil,thailand,6,3,2.8873,3.7417999999999996,25,33,14,0,1,0,3,-0.8544999999999994
india,usa,3,4,3.6565,4.1051,34,31,18,0,0,1,-1,-0.44860000000000033
guatemala,serbia,6,1,2.4396,3.1249000000000002,26,35,22,0,1,0,5,-0.6853000000000002
usa,india,4,5,3.3559,2.9416,32,28,14,0,0,1,-1,0.4142999999999999
pakistan,serbia,1,5,2.8301,3.1109,29,27,12,0,0,1,-4,-0.28080000000000016
china,germany,3,2,3.8446000000000002,2.3107,30,19,18,0,1,0,1,1.5339
mexico,peru,2,1,2.0703,2.2736,21,24,10,0,1,0,1,-0.20330000000000004
uae,pakistan,0,4,1.9813,2.9742,19,29,14,0,0,1,-4,-0.9929000000000001
netherlands,guatemala,0,4,2.505,2.3145,30,25,8,0,0,1,-4,0.1905000000000001
thailand,france,1,2,2.2197,2.8247999999999998,17,27,16,0,0,1,-1,-0.6050999999999997
rwanda,saudi_arabia,2,4,2.7359,3.867,26,30,20,0,0,1,-2,-1.1311
uk,ethiopia,6,1,3.0854999999999997,3.0923,25,27,10,0,1,0,5,-0.006800000000000139
south_korea,kazakhstan,0,5,1.3887,4.1695,13,35,24,0,0,1,-5,-2.7808
morocco,oman,5,6,3.2666999999999997,3.3498,32,30,12,0,0,1,-1,-0.0831000000000004
indonesia,philippines,3,4,2.5261,3.3724,25,28,20,0,0,1,-1,-0.8462999999999998
mongolia,ethiopia,1,2,2.0284999999999997,3.0645,24,28,10,0,0,1,-1,-1.036
new_zealand,singapore,1,6,3.2443999999999997,4.9532,30,35,22,0,0,1,-5,-1.7088
panama,serbia,5,4,3.7805999999999997,3.0437,34,29,6,0,1,0,1,0.7368999999999999
iceland,canada,7,3,3.55,3.9868,32,34,20,0,1,0,4,-0.4368000000000003
vietnam,switzerland,0,1,2.1896,3.4053,22,27,14,0,0,1,-1,-1.2157
brazil,mongolia,4,3,2.1799,2.9786,15,32,14,0,1,0,1,-0.7987000000000002
saudi_arabia,rwanda,0,6,1.8239,2.8146,16,29,10,0,0,1,-6,-0.9906999999999999
thailand,germany,4,3,3.6186,2.9486,28,28,10,0,1,0,1,0.6699999999999999
china,france,2,1,2.6376999999999997,3.4705,24,30,22,0,1,0,1,-0.8328000000000002
pakistan,ethiopia,3,2,3.7580999999999998,3.9555,36,34,32,0,1,0,1,-0.19740000000000002
brazil,indonesia,4,3,2.4152,2.1241,22,23,18,0,1,0,1,0.29110000000000014
usa,uae,3,4,3.075,2.4256,28,25,14,0,0,1,-1,0.6494
uae,peru,1,0,2.0852,3.652,21,33,8,0,1,0,1,-1.5668000000000002
serbia,mexico,1,2,3.231,3.9560999999999997,36,35,16,0,0,1,-1,-0.7250999999999999
india,new_zealand,2,0,1.8871,4.3979,19,37,16,0,1,0,2,-2.5107999999999997
mongolia,canada,1,2,2.3226,2.1998,27,21,8,0,0,1,-1,0.1227999999999998
usa,netherlands,3,7,1.5973000000000002,6.4725,18,40,36,0,0,1,-4,-4.8751999999999995
kazakhstan,singapore,2,5,3.2418,3.0717,34,27,8,0,0,1,-3,0.17010000000000014
vietnam,guatemala,3,2,2.5019,2.4452,28,20,10,0,1,0,1,0.056700000000000195
south_korea,iceland,2,8,1.6396,5.439,18,37,37,0,0,1,-6,-3.7994000000000003
panama,philippines,6,5,4.2474,2.0289,35,23,0,0,1,0,1,2.2184999999999997
oman,morocco,0,4,1.8033000000000001,3.5059,23,31,12,0,0,1,-4,-1.7026
new_zealand,oman,1,2,3.5362,2.3993,26,21,14,0,0,1,-1,1.1368999999999998
uk,switzerland,0,2,2.7894,2.4679,23,24,8,0,0,1,-2,0.3214999999999999
france,india,2,4,3.0723000000000003,3.3458,31,30,14,0,0,1,-2,-0.27349999999999985
philippines,china,0,4,1.7106,3.8232,20,32,12,0,0,1,-4,-2.1126
peru,new_zealand,4,0,2.6502,1.8833,24,19,8,0,1,0,4,0.7668999999999999
vietnam,saudi_arabia,1,0,3.0850999999999997,2.5715,29,21,14,0,1,0,1,0.5135999999999998
netherlands,morocco,4,5,3.1845,3.6181,32,37,10,0,0,1,-1,-0.4336000000000002
south_korea,rwanda,3,2,3.8026,2.7139,30,23,10,0,1,0,1,1.0886999999999998
ethiopia,iceland,3,0,2.213,3.1789,23,32,8,0,1,0,3,-0.9659
switzerland,uk,1,5,1.6054,3.7244,19,30,16,0,0,1,-4,-2.119
mongolia,pakistan,0,5,1.5301,3.3201,19,29,20,0,0,1,-5,-1.79
uk,brazil,0,1,3.3295,2.3157,32,18,4,0,0,1,-1,1.0137999999999998
serbia,thailand,1,3,2.7911,4.1261,25,37,14,0,0,1,-2,-1.335
usa,panama,1,6,1.9467999999999999,2.9585,15,23,12,0,0,1,-5,-1.0117
guatemala,brazil,2,3,2.0723,3.373,22,31,18,0,0,1,-1,-1.3007000000000004
indonesia,mexico,3,1,2.2965999999999998,2.8215,22,26,4,0,1,0,2,-0.5249000000000001
singapore,uae,4,1,2.3744,3.2648,21,25,24,0,1,0,3,-0.8904000000000001
kazakhstan,oman,3,4,3.6954,4.5285,30,36,22,0,0,1,-1,-0.8331000000000004
germany,canada,3,2,1.6838,2.324,15,19,10,0,1,0,1,-0.6401999999999999
morocco,rwanda,3,5,3.2036,2.838,35,26,14,0,0,1,-2,0.3655999999999997
vietnam,peru,0,4,1.345,2.5224,16,23,14,0,0,1,-4,-1.1774000000000002
mongolia,thailand,2,1,2.3616,3.267,22,21,20,0,1,0,1,-0.9053999999999998
rwanda,guatemala,1,3,2.5611,3.1877,25,27,25,0,0,1,-2,-0.6265999999999998
usa,iceland,3,2,3.4806999999999997,2.643,36,22,16,0,1,0,1,0.8376999999999999
ethiopia,saudi_arabia,2,3,2.8939,3.1295,29,27,20,0,0,1,-1,-0.23560000000000025
china,indonesia,3,2,3.7605000000000004,3.8886000000000003,31,40,22,0,1,0,1,-0.12809999999999988
mexico,uk,2,5,4.4326,3.144,39,29,10,0,0,1,-3,1.2885999999999997
india,kazakhstan,3,2,2.5155000000000003,2.3061,24,26,4,0,1,0,1,0.20940000000000047
south_korea,france,3,4,2.5624000000000002,3.0114,21,26,8,0,0,1,-1,-0.44899999999999984
oman,guatemala,3,4,3.5897,3.3118,34,29,22,0,0,1,-1,0.27790000000000026
germany,pakistan,1,3,2.4274,3.1545,20,25,14,0,0,1,-2,-0.7271000000000001
new_zealand,panama,1,2,3.0373,2.6637,28,24,12,0,0,1,-1,0.37360000000000015
philippines,canada,1,0,2.7747,2.464,27,23,12,0,1,0,1,0.3107000000000002
morocco,kazakhstan,5,6,2.4802,2.5223,24,28,22,0,0,1,-1,-0.042100000000000026
serbia,brazil,1,3,3.8097999999999996,3.0917000000000003,29,27,8,0,0,1,-2,0.7180999999999993
switzerland,singapore,2,8,3.1473,4.5704,31,35,20,0,0,1,-6,-1.4231000000000003
netherlands,uae,1,2,2.6323,3.0571,26,30,22,0,0,1,-1,-0.4248000000000003
new_zealand,thailand,3,5,3.0252,3.1774,30,22,20,0,0,1,-2,-0.1522000000000001
kazakhstan,morocco,3,4,2.2093,3.2594000000000003,26,27,12,0,0,1,-1,-1.0501000000000005
ethiopia,rwanda,5,2,3.0189000000000004,3.5613,27,32,20,0,1,0,3,-0.5423999999999998
saudi_arabia,uae,2,1,2.0069,2.12,22,20,10,0,1,0,1,-0.1131000000000002
france,pakistan,3,2,2.3317,3.2012,19,24,15,0,1,0,1,-0.8694999999999999
singapore,switzerland,2,3,3.0572,3.2851,31,34,20,0,0,1,-1,-0.2279
iceland,peru,3,6,3.3434,3.4101,30,28,18,0,0,1,-3,-0.06669999999999998
indonesia,switzerland,4,3,1.9003,2.4529,20,30,6,0,1,0,1,-0.5526
south_korea,oman,4,5,3.2446,3.6117,33,30,26,0,0,1,-1,-0.36709999999999976
mongolia,china,1,0,2.2573,2.8176,27,22,14,0,1,0,1,-0.5603000000000002
brazil,guatemala,2,3,4.3628,3.1683,40,34,12,0,0,1,-1,1.1945000000000001
vietnam,philippines,4,0,2.9801,1.8754,28,18,10,0,1,0,4,1.1047000000000002
serbia,mexico,5,1,3.6952,3.2704,37,32,10,0,1,0,4,0.42479999999999984
usa,canada,4,5,2.9464,4.1659999999999995,26,37,10,0,0,1,-1,-1.2195999999999994
indonesia,netherlands,0,1,1.7716,1.6891,19,16,10,0,0,1,-1,0.08250000000000002
india,panama,2,3,3.1611,2.5187,31,26,6,0,0,1,-1,0.6423999999999999
germany,uk,2,7,1.3323,3.6304,13,27,8,0,0,1,-5,-2.2981
brazil,rwanda,6,5,3.3545,4.4714,26,43,12,0,1,0,1,-1.1169000000000002
singapore,netherlands,2,4,2.5566,4.2118,25,36,12,0,0,1,-2,-1.6552000000000002
mexico,saudi_arabia,3,2,3.891,2.6489,34,25,10,0,1,0,1,1.2421000000000002
guatemala,philippines,0,1,3.7931,2.1111,32,26,10,0,0,1,-1,1.682
indonesia,china,3,1,2.5376,3.5907,32,28,12,0,1,0,2,-1.0531000000000001
india,france,3,0,3.0215,2.0599,22,21,10,0,1,0,3,0.9616000000000002
serbia,south_korea,4,1,4.9805,2.9377999999999997,37,31,10,0,1,0,3,2.0427000000000004
mongolia,ethiopia,1,5,1.3734,2.729,19,27,12,0,0,1,-4,-1.3556000000000001
oman,panama,3,4,3.5795,4.2234,30,33,18,0,0,1,-1,-0.6438999999999999
morocco,singapore,4,5,4.9094999999999995,3.265,43,32,10,0,0,1,-1,1.6444999999999994
uk,peru,2,3,2.9609,3.0616,29,27,12,0,0,1,-1,-0.10069999999999979
netherlands,canada,5,1,3.6623,2.9596,26,26,17,0,1,0,4,0.7027000000000001
iceland,peru,3,4,2.3901000000000003,4.8049,26,42,24,0,0,1,-1,-2.4147999999999996
south_korea,mexico,2,3,2.2328,4.0512,22,32,22,0,0,1,-1,-1.8183999999999996
usa,new_zealand,0,5,2.692,3.6523,24,32,17,0,0,1,-5,-0.9602999999999997
switzerland,iceland,1,2,2.2574,2.8726,28,29,10,0,0,1,-1,-0.6151999999999997
germany,thailand,4,2,2.5771,2.763,24,21,8,0,1,0,2,-0.18589999999999973
pakistan,vietnam,3,4,3.3357,3.7083999999999997,27,29,26,0,0,1,-1,-0.3726999999999996
kazakhstan,uae,1,0,1.3655000000000002,1.9653999999999998,15,18,6,0,1,0,1,-0.5998999999999997
uae,kazakhstan,6,3,3.2803,2.6772,27,30,14,0,1,0,3,0.6031
oman,vietnam,3,4,3.4582,2.5566,29,23,10,0,0,1,-1,0.9016000000000002
singapore,panama,3,8,3.064,6.2626,28,41,24,0,0,1,-5,-3.1986
indonesia,canada,1,0,2.7591,2.0789,30,20,2,0,1,0,1,0.6802000000000001
new_zealand,saudi_arabia,1,5,2.3918,2.9937,26,24,16,0,0,1,-4,-0.6019000000000001
thailand,uk,1,4,2.9684999999999997,2.7761,25,22,18,0,0,1,-3,0.19239999999999968
south_korea,switzerland,3,2,3.1815,2.3479,25,24,8,0,1,0,1,0.8336000000000001
france,netherlands,2,0,2.1021,1.6994,22,15,8,0,1,0,2,0.40270000000000006
guatemala,ethiopia,2,3,3.2926,2.8534,32,31,16,0,0,1,-1,0.43920000000000003
brazil,germany,6,2,3.8768,1.7247999999999999,30,19,10,0,1,0,4,2.152
peru,uk,3,2,4.2378,3.8296,37,29,18,0,1,0,1,0.4081999999999999
mexico,india,1,2,3.401,2.897,32,34,16,0,0,1,-1,0.504
serbia,thailand,4,5,4.0761,3.2055,33,30,10,0,0,1,-1,0.8706000000000005
indonesia,saudi_arabia,1,2,4.2124999999999995,3.7575000000000003,37,35,18,0,0,1,-1,0.4549999999999992
uk,india,3,6,2.511,3.8836,24,38,8,0,0,1,-3,-1.3725999999999998
france,rwanda,0,3,3.5354,2.4854000000000003,29,24,8,0,0,1,-3,1.0499999999999998
new_zealand,pakistan,3,6,1.702,5.3972,16,39,18,0,0,1,-3,-3.6952
south_korea,germany,4,5,2.5202999999999998,3.2492,21,29,12,0,0,1,-1,-0.7289000000000003
china,kazakhstan,2,1,1.9755,2.364,17,25,10,0,1,0,1,-0.38849999999999985
iceland,ethiopia,2,3,2.4332,2.9888,25,27,18,0,0,1,-1,-0.5556000000000001
pakistan,oman,5,3,5.744199999999999,2.9782,43,25,14,0,1,0,2,2.765999999999999
new_zealand,netherlands,3,2,2.3725,2.7296,26,27,10,0,1,0,1,-0.3571
panama,philippines,2,1,2.5903,3.3605,29,30,12,0,1,0,1,-0.7702
vietnam,usa,3,2,2.1642,2.8922,22,23,14,0,1,0,1,-0.7279999999999998
mexico,brazil,4,1,2.2670999999999997,2.8517,23,26,14,0,1,0,3,-0.5846000000000005
guatemala,morocco,4,3,3.4834,2.1125,36,25,16,0,1,0,1,1.3709000000000002
mongolia,canada,0,4,1.3021,3.6536999999999997,14,31,14,0,0,1,-4,-2.3515999999999995
ethiopia,oman,1,2,3.0988,3.0274,23,28,18,0,0,1,-1,0.07140000000000013
singapore,uae,3,0,2.6271999999999998,2.3442,24,22,12,0,1,0,3,0.2829999999999999
france,saudi_arabia,1,3,2.1004,2.2813,20,20,16,0,0,1,-2,-0.18089999999999984
serbia,usa,4,6,4.042,3.7286,34,35,12,0,0,1,-2,0.3133999999999997
vietnam,mongolia,3,2,2.6189,2.3004,24,24,12,0,1,0,1,0.3185000000000002
peru,india,5,1,1.4968,4.6717,18,40,18,0,1,0,4,-3.1749000000000005
rwanda,south_korea,1,6,2.1498,4.0564,20,32,20,0,0,1,-5,-1.9066
mexico,ethiopia,4,5,3.6055,3.8587,30,31,14,0,0,1,-1,-0.25319999999999965
panama,uae,3,2,4.2981,2.2121,39,23,8,0,1,0,1,2.086
philippines,indonesia,6,1,2.5016,2.038,25,23,10,0,1,0,5,0.4636
switzerland,brazil,2,3,2.9881,4.0999,36,32,24,0,0,1,-1,-1.1117999999999997
saudi_arabia,iceland,4,3,2.6107,3.4536,26,30,14,0,1,0,1,-0.8428999999999998
china,guatemala,0,6,2.0647,3.1043,22,31,12,0,0,1,-6,-1.0395999999999996
netherlands,oman,2,0,1.6392,2.7592,16,27,6,0,1,0,2,-1.1199999999999999
iceland,morocco,4,3,2.0473,3.3988,23,27,14,0,1,0,1,-1.3515000000000001
thailand,pakistan,3,4,3.1484,3.6174999999999997,27,31,16,0,0,1,-1,-0.46909999999999963
singapore,new_zealand,2,3,3.6412,4.2036999999999995,34,39,16,0,0,1,-1,-0.5624999999999996
uk,germany,1,4,2.7475,2.9541,23,25,8,0,0,1,-3,-0.2065999999999999
saudi_arabia,guatemala,2,0,2.1673999999999998,3.6294,22,31,8,0,1,0,2,-1.4620000000000002
vietnam,serbia,3,4,4.6318,5.7572,48,47,16,0,0,1,-1,-1.1254
philippines,thailand,0,5,2.0236,2.768,24,24,6,0,0,1,-5,-0.7443999999999997
india,rwanda,3,2,1.482,2.4186,20,24,4,0,1,0,1,-0.9366000000000001
morocco,france,5,4,6.3128,4.2088,57,43,10,0,1,0,1,2.104
pakistan,morocco,6,7,3.0878,3.7706,31,30,26,0,0,1,-1,-0.6827999999999999
panama,south_korea,5,3,3.1760999999999995,2.3984,25,24,6,0,1,0,2,0.7776999999999994
iceland,new_zealand,2,0,2.5393,3.7617999999999996,21,33,20,0,1,0,2,-1.2224999999999997
mongolia,germany,4,5,1.7792999999999999,5.0524000000000004,19,41,18,0,0,1,-1,-3.2731000000000003
ethiopia,netherlands,1,4,1.5316,3.6414999999999997,18,26,20,0,0,1,-3,-2.1098999999999997
oman,singapore,4,6,3.0676,6.4507,25,44,32,0,0,1,-2,-3.3831
china,uk,3,2,3.5646999999999998,2.3346,28,21,6,0,1,0,1,1.2300999999999997
switzerland,canada,5,1,4.6299,2.3814,34,22,18,0,1,0,4,2.2485
indonesia,france,4,5,1.3691,3.5861,14,28,13,0,0,1,-1,-2.217
kazakhstan,peru,4,5,1.8034,3.1633,20,26,14,0,0,1,-1,-1.3599
peru,indonesia,3,2,2.4469,1.8014000000000001,25,17,12,0,1,0,1,0.6454999999999997
usa,mexico,2,1,1.3728000000000002,4.5264999999999995,15,39,12,0,1,0,1,-3.1536999999999993
uae,brazil,2,8,1.3464,5.3846,15,39,20,0,0,1,-6,-4.0382
guatemala,saudi_arabia,3,2,2.4648000000000003,2.0295,26,20,8,0,1,0,1,0.43530000000000024
thailand,rwanda,4,3,4.1201,2.7621,29,27,10,0,1,0,1,1.3579999999999997
morocco,new_zealand,1,2,1.8687,2.3356,17,29,12,0,0,1,-1,-0.46689999999999987
mexico,serbia,5,4,5.9656,2.7247000000000003,54,27,12,0,1,0,1,3.2409
indonesia,pakistan,1,2,2.3761,3.9607,21,28,14,0,0,1,-1,-1.5846
vietnam,china,4,0,4.3976,3.2878,34,22,12,0,1,0,4,1.1098
philippines,switzerland,0,1,1.8208,2.6397,18,28,21,0,0,1,-1,-0.8189
panama,mongolia,3,2,1.8762,2.6211,17,23,10,0,1,0,1,-0.7449000000000001
serbia,south_korea,5,6,2.8134,3.6105,24,38,16,0,0,1,-1,-0.7970999999999999
ethiopia,canada,3,6,1.9331,2.7165,18,27,8,0,0,1,-3,-0.7833999999999999
uk,kazakhstan,3,4,4.2754,2.3557,33,22,10,0,0,1,-1,1.9197000000000002
netherlands,india,4,3,3.2184,2.8806,28,33,10,0,1,0,1,0.3378000000000001
oman,peru,3,4,2.8453,3.5031,24,30,18,0,0,1,-1,-0.6577999999999999
france,brazil,2,3,2.9395,2.0425,26,16,14,0,0,1,-1,0.8969999999999998
uae,south_korea,2,3,3.0229,3.5039,24,34,16,0,0,1,-1,-0.48099999999999987
singapore,iceland,1,4,2.8536,5.3285,26,39,23,0,0,1,-3,-2.4749
germany,usa,3,4,1.9329999999999998,3.5807,18,28,16,0,0,1,-1,-1.6477000000000004
rwanda,serbia,1,2,2.4189,3.4527,21,30,16,0,0,1,-1,-1.0338000000000003
iceland,oman,4,2,3.4105,2.3729,28,23,4,0,1,0,2,1.0375999999999999
panama,rwanda,4,2,2.1664000000000003,2.4674,21,20,12,0,1,0,2,-0.3009999999999997
south_korea,ethiopia,5,6,2.6656,3.2596000000000003,29,26,12,0,0,1,-1,-0.5940000000000003
morocco,panama,2,3,3.8219000000000003,4.2511,37,43,12,0,0,1,-1,-0.4291999999999998
saudi_arabia,singapore,2,3,2.6498,2.831,23,25,8,0,0,1,-1,-0.18120000000000003
usa,india,1,2,3.9791000000000003,2.1939,36,23,14,0,0,1,-1,1.7852000000000001
guatemala,germany,4,9,3.3087999999999997,3.2087,32,32,10,0,0,1,-5,0.10009999999999986
pakistan,mexico,6,7,3.7517,4.6026,36,34,24,0,0,1,-1,-0.8508999999999998
mongolia,netherlands,1,5,1.0707,3.5541,17,27,12,0,0,1,-4,-2.4834
china,thailand,3,1,3.3682,2.1589,28,19,6,0,1,0,2,1.2092999999999998
peru,uk,1,2,2.5575,2.1794000000000002,23,19,8,0,0,1,-1,0.3780999999999999
switzerland,philippines,0,5,2.1917,2.5844,21,25,14,0,0,1,-5,-0.39270000000000005
usa,kazakhstan,5,7,2.3693999999999997,5.3913,23,38,20,0,0,1,-2,-3.0219000000000005
new_zealand,france,4,6,2.4351,3.6283,22,25,24,0,0,1,-2,-1.1932
vietnam,uae,3,4,3.2031,2.7022999999999997,31,22,14,0,0,1,-1,0.5008000000000004
kazakhstan,brazil,1,3,2.365,3.8854,25,26,20,0,0,1,-2,-1.5204
canada,indonesia,2,1,2.7867,2.8561,23,26,14,0,1,0,1,-0.0693999999999999
oman,thailand,3,5,1.1985000000000001,7.3472,15,47,35,0,0,1,-2,-6.1487
morocco,uae,1,4,2.0273,2.5465,23,23,14,0,0,1,-3,-0.5192000000000001
peru,china,3,1,2.7563000000000004,2.669,26,25,6,0,1,0,2,0.08730000000000038
new_zealand,iceland,0,2,2.4589,2.1365,23,20,6,0,0,1,-2,0.3224
pakistan,usa,3,2,4.037599999999999,3.5507999999999997,34,29,16,0,1,0,1,0.4867999999999997
saudi_arabia,ethiopia,1,6,3.1933,4.1599,27,35,26,0,0,1,-5,-0.9666000000000006
saudi_arabia,mongolia,1,0,1.6166,1.6322,16,19,10,0,1,0,1,-0.015600000000000058
mexico,singapore,4,3,4.5845,2.9815,37,34,8,0,1,0,1,1.6030000000000002
south_korea,mongolia,6,2,3.7251000000000003,3.5075000000000003,35,31,20,0,1,0,4,0.21760000000000002
france,indonesia,1,2,3.388,2.9421,30,25,20,0,0,1,-1,0.44589999999999996
germany,mexico,3,2,2.9469000000000003,3.3837,24,28,8,0,1,0,1,-0.43679999999999986
guatemala,canada,1,4,1.8911,2.2470999999999997,20,23,12,0,0,1,-3,-0.35599999999999965
rwanda,singapore,6,5,6.4452,7.411099999999999,59,55,42,0,1,0,1,-0.9658999999999995
netherlands,vietnam,4,1,3.198,2.1109999999999998,27,22,6,0,1,0,3,1.0870000000000002
serbia,india,1,2,2.4637,4.1005,25,47,8,0,0,1,-1,-1.6368000000000005
philippines,uk,2,3,2.0549,2.3607,20,18,8,0,0,1,-1,-0.30580000000000007
switzerland,kazakhstan,1,3,1.9544,2.3332,17,23,16,0,0,1,-2,-0.37880000000000025
panama,brazil,3,4,3.0141,3.0473,29,27,8,0,0,1,-1,-0.033199999999999896
china,netherlands,1,6,2.7880000000000003,3.1838,28,30,10,0,0,1,-5,-0.39579999999999993
saudi_arabia,new_zealand,3,1,1.9491,3.9095,18,30,20,0,1,0,2,-1.9604
china,singapore,3,2,3.4174,3.4125,28,35,12,0,1,0,1,0.0049000000000001265
rwanda,brazil,1,4,1.1681,2.9771,15,23,12,0,0,1,-3,-1.8090000000000002
serbia,canada,4,5,3.7615,4.0568,33,35,16,0,0,1,-1,-0.2953000000000001
panama,kazakhstan,2,1,1.8424,1.9118,16,19,2,0,1,0,1,-0.0693999999999999
pakistan,ethiopia,6,5,3.6924,2.8266,36,25,14,0,1,0,1,0.8658000000000001
guatemala,thailand,4,3,4.0999,4.1783,43,38,16,0,1,0,1,-0.07840000000000025
oman,morocco,5,4,2.3449,3.0754,22,23,12,0,1,0,1,-0.7305000000000001
uae,india,4,5,2.5026,2.3958,24,25,16,0,0,1,-1,0.10680000000000023
switzerland,peru,1,0,2.5678,3.3185000000000002,23,29,12,0,1,0,1,-0.7507000000000001
brazil,vietnam,7,1,4.9276,2.0888999999999998,29,24,10,0,1,0,6,2.8387000000000002
iceland,indonesia,4,0,2.3784,1.4853,21,16,12,0,1,0,4,0.8931
mongolia,usa,2,3,2.9172,3.9732000000000003,33,33,24,0,0,1,-1,-1.0560000000000005
uk,philippines,1,2,3.0111,2.1335,26,21,6,0,0,1,-1,0.8775999999999997
vietnam,mexico,2,1,2.6832000000000003,4.1071,27,36,12,0,1,0,1,-1.4238999999999997
france,south_korea,1,4,1.5459,2.4674,14,23,10,0,0,1,-3,-0.9215
netherlands,germany,4,2,2.7119999999999997,2.9147,25,24,20,0,1,0,2,-0.2027000000000001
thailand,vietnam,6,5,3.8523,2.2009,28,25,8,0,1,0,1,1.6514000000000002
france,serbia,5,4,3.6205999999999996,2.7007,30,24,0,0,1,0,1,0.9198999999999997
philippines,ethiopia,1,2,2.8074000000000003,2.7222,29,24,8,0,0,1,-1,0.08520000000000039
saudi_arabia,brazil,0,3,1.7207000000000001,3.1353,18,21,14,0,0,1,-3,-1.4145999999999999
canada,uae,1,2,3.1845,2.8978,33,28,16,0,0,1,-1,0.28669999999999973
iceland,peru,2,3,2.4264,2.8598,19,29,10,0,0,1,-1,-0.4333999999999998
oman,uae,3,2,2.2084,3.0587999999999997,22,20,25,0,1,0,1,-0.8503999999999996
india,pakistan,1,0,3.4662,3.1917,29,30,2,0,1,0,1,0.2745000000000002
new_zealand,germany,0,3,2.3029,2.5451,21,22,8,0,0,1,-3,-0.24219999999999997
mexico,rwanda,3,4,3.4359,2.7645,34,29,14,0,0,1,-1,0.6714000000000002
usa,indonesia,5,3,4.2818,2.7986,31,25,8,0,1,0,2,1.4831999999999996
singapore,morocco,4,2,2.8292,3.3062,33,30,14,0,1,0,2,-0.47699999999999987
canada,guatemala,2,1,3.6585,2.585,35,28,6,0,1,0,1,1.0735000000000001
kazakhstan,uk,2,3,2.7060999999999997,2.8355,25,23,8,0,0,1,-1,-0.1294000000000004
mongolia,switzerland,1,3,2.2486,2.8033,31,28,14,0,0,1,-2,-0.5547
mongolia,philippines,2,3,2.1706,2.8973,25,26,10,0,0,1,-1,-0.7267000000000001
china,netherlands,0,1,1.2687,1.4619,14,16,8,0,0,1,-1,-0.19320000000000004
morocco,serbia,6,5,5.2991,3.9880999999999998,46,40,8,0,1,0,1,1.3110000000000004
china,mongolia,1,0,2.1395,1.7164000000000001,19,24,6,0,1,0,1,0.4230999999999998
iceland,south_korea,3,2,2.5084,3.6259,23,33,18,0,1,0,1,-1.1175000000000002
india,indonesia,3,1,2.4932999999999996,2.4131,22,26,14,0,1,0,2,0.0801999999999996
uae,saudi_arabia,2,4,2.3281,2.6553,19,24,10,0,0,1,-2,-0.32719999999999994
rwanda,france,1,4,1.8836,5.2141,18,32,38,0,0,1,-3,-3.3305000000000002
new_zealand,philippines,0,4,2.3037,2.0384,25,19,10,0,0,1,-4,0.26529999999999987
uk,pakistan,5,2,2.7187,3.8594,21,33,8,0,1,0,3,-1.1406999999999998
singapore,ethiopia,3,2,2.936,2.4446000000000003,27,20,10,0,1,0,1,0.4913999999999996
switzerland,guatemala,1,2,2.1036,2.9989,31,34,12,0,0,1,-1,-0.8952999999999998
panama,brazil,1,3,3.6327,3.6778,34,28,16,0,0,1,-2,-0.04510000000000014
kazakhstan,guatemala,3,0,1.9962,1.8121,25,17,10,0,1,0,3,0.18409999999999993
vietnam,canada,0,2,1.5082,1.9445000000000001,14,17,14,0,0,1,-2,-0.43630000000000013
thailand,mexico,6,3,2.5295,4.1271,24,38,20,0,1,0,3,-1.5976000000000004
switzerland,usa,4,0,2.7128,1.8855,23,17,12,0,1,0,4,0.8273000000000001
peru,germany,5,2,3.4581999999999997,2.8729999999999998,27,24,14,0,1,0,3,0.5851999999999999
oman,netherlands,4,5,2.4954,4.1356,24,35,20,0,0,1,-1,-1.6402
uae,singapore,4,3,2.3053,2.7787,23,26,12,0,1,0,1,-0.47340000000000027
oman,new_zealand,1,2,2.3516,2.5753,22,23,16,0,0,1,-1,-0.2237
switzerland,usa,4,0,2.4291,2.0348,25,16,12,0,1,0,4,0.3942999999999999
rwanda,panama,2,1,2.1125,2.9219,22,23,8,0,1,0,1,-0.8094000000000001
vietnam,philippines,1,2,2.5813,2.6328,24,22,25,0,0,1,-1,-0.05149999999999988
china,kazakhstan,1,2,3.3847,1.5777,28,18,6,0,0,1,-1,1.807
brazil,canada,1,2,2.7506,2.7008,21,30,8,0,0,1,-1,0.049799999999999844
peru,guatemala,4,1,2.4624,1.888,26,21,2,0,1,0,3,0.5744000000000002
mexico,france,6,5,2.6575,4.188,26,37,16,0,1,0,1,-1.5304999999999995
rwanda,indonesia,2,4,1.6078000000000001,4.0785,16,33,17,0,0,1,-2,-2.4707
morocco,india,1,4,2.5921,3.4656,25,36,14,0,0,1,-3,-0.8734999999999999
mongolia,uk,1,4,1.2763,3.2775,15,26,12,0,0,1,-3,-2.0012
rwanda,kazakhstan,2,0,2.1788,2.2687,21,20,8,0,1,0,2,-0.08990000000000009
saudi_arabia,thailand,4,5,2.4724,6.4496,23,51,18,0,0,1,-1,-3.9772000000000003
ethiopia,morocco,4,5,2.7741,4.7666,27,40,14,0,0,1,-1,-1.9925000000000006
pakistan,brazil,2,1,2.144,1.814,24,14,12,0,1,0,1,0.33000000000000007
china,mexico,1,2,1.1429,2.7664999999999997,13,29,14,0,0,1,-1,-1.6235999999999997
morocco,guatemala,1,4,3.0091,4.34,40,43,10,0,0,1,-3,-1.3308999999999997
serbia,switzerland,4,3,2.9389,2.206,31,22,16,0,1,0,1,0.7328999999999999
oman,usa,8,3,5.0234000000000005,3.6881000000000004,40,30,28,0,1,0,5,1.3353000000000002
south_korea,ethiopia,3,2,3.2136,2.9868,35,27,12,0,1,0,1,0.2267999999999999
panama,canada,4,2,2.6,4.55,25,40,12,0,1,0,2,-1.9499999999999997
uk,indonesia,3,4,4.4748,2.2914000000000003,37,22,6,0,0,1,-1,2.1834
iceland,singapore,3,5,2.0136,4.3191,20,33,24,0,0,1,-2,-2.3055
india,germany,2,6,2.4108,3.6652000000000005,24,27,14,0,0,1,-4,-1.2544000000000004
oman,saudi_arabia,1,5,1.7435,3.5814,19,29,22,0,0,1,-4,-1.8378999999999999
new_zealand,france,1,3,2.3095,3.9605,20,31,25,0,0,1,-2,-1.6510000000000002
philippines,peru,0,1,2.1,2.8322000000000003,20,27,11,0,0,1,-1,-0.7322000000000002
netherlands,uae,1,2,2.3891999999999998,1.1051,25,11,6,0,0,1,-1,1.2840999999999998
vietnam,mongolia,5,2,4.6482,3.2094,34,24,19,0,1,0,3,1.4388
south_korea,saudi_arabia,4,0,2.1038,1.9612,23,17,14,0,1,0,4,0.14260000000000006
canada,philippines,1,4,3.6194,2.1074,33,20,8,0,0,1,-3,1.512
mexico,kazakhstan,2,6,1.6951,3.363,16,26,12,0,0,1,-4,-1.6679
usa,vietnam,3,4,2.598,3.332,22,27,18,0,0,1,-1,-0.734
serbia,netherlands,4,5,3.096,3.0741,28,32,6,0,0,1,-1,0.02190000000000003
indonesia,oman,4,3,3.0843,3.1092,28,27,6,0,1,0,1,-0.024900000000000144
france,iceland,3,5,3.6208,2.3723,30,21,10,0,0,1,-2,1.2485
india,uae,3,2,3.8776,2.2268,37,19,6,0,1,0,1,1.6508000000000003
uk,china,1,2,3.7620999999999998,3.273,32,27,10,0,0,1,-1,0.48909999999999965
morocco,singapore,0,3,2.1361,3.013,20,30,12,0,0,1,-3,-0.8769
mongolia,brazil,4,3,2.4318,3.5622,28,27,16,0,1,0,1,-1.1303999999999998
new_zealand,iceland,1,3,2.3452,3.6492,24,28,20,0,0,1,-2,-1.3039999999999998
panama,thailand,3,2,2.5414,4.0449,25,32,8,0,1,0,1,-1.5035000000000003
pakistan,guatemala,3,5,3.2414,2.7389,34,24,16,0,0,1,-2,0.5025
germany,switzerland,0,1,2.3369,1.1199,20,11,8,0,0,1,-1,1.217
peru,ethiopia,4,3,4.8788,2.1561,43,21,14,0,1,0,1,2.7227
rwanda,thailand,4,3,1.3811,3.9330999999999996,18,27,18,0,1,0,1,-2.5519999999999996
guatemala,usa,1,4,4.7456000000000005,3.1534999999999997,42,32,12,0,0,1,-3,1.5921000000000007
netherlands,china,4,2,2.6427,2.565,25,22,12,0,1,0,2,0.0777000000000001
new_zealand,usa,3,1,3.6273,2.4616,27,20,14,0,1,0,2,1.1657000000000002
canada,china,2,3,2.5904,2.6029,28,23,12,0,0,1,-1,-0.012500000000000178
ethiopia,peru,1,2,2.0304,2.7524,22,30,6,0,0,1,-1,-0.722
kazakhstan,saudi_arabia,4,0,4.0371,1.5388,38,14,4,0,1,0,4,2.4982999999999995
uk,indonesia,2,1,2.8173,1.5237,26,16,8,0,1,0,1,1.2935999999999999
netherlands,mexico,1,0,2.1035,2.8828,23,29,10,0,1,0,1,-0.7793000000000001
iceland,france,4,5,2.5268,4.0299,22,33,14,0,0,1,-1,-1.5030999999999994
singapore,germany,4,1,3.5753,2.8602,28,25,6,0,1,0,3,0.7151000000000001
vietnam,south_korea,6,5,3.7825,3.9061,32,32,8,0,1,0,1,-0.12359999999999971
india,morocco,2,1,2.8177,3.9705,31,37,10,0,1,0,1,-1.1528
switzerland,india,2,3,2.5818,1.56,29,20,12,0,0,1,-1,1.0217999999999998
panama,switzerland,0,4,2.8890000000000002,3.6721,24,32,14,0,0,1,-4,-0.7830999999999997
pakistan,uae,1,2,2.3395,2.9021,21,24,16,0,0,1,-1,-0.5625999999999998
mongolia,serbia,2,8,1.6964,5.7791,23,43,18,0,0,1,-6,-4.0827
brazil,oman,4,1,3.5911999999999997,2.8995,25,30,10,0,1,0,3,0.6916999999999995
switzerland,saudi_arabia,5,3,2.875,2.4341999999999997,29,23,10,0,1,0,2,0.4408000000000003
thailand,serbia,5,4,4.0222999999999995,5.2412,36,40,30,0,1,0,1,-1.2189000000000005
germany,guatemala,3,4,3.5722,1.8538000000000001,36,16,8,0,0,1,-1,1.7184
morocco,vietnam,2,4,1.6991,3.4625,15,28,16,0,0,1,-2,-1.7633999999999999
france,new_zealand,2,3,3.4569,3.8001,29,34,14,0,0,1,-1,-0.34319999999999995
brazil,rwanda,3,4,3.6983,3.6885,31,40,16,0,0,1,-1,0.009800000000000253
pakistan,new_zealand,1,2,2.545,3.2662,21,24,24,0,0,1,-1,-0.7212000000000001
oman,uae,3,2,3.7125,3.5338,35,29,20,0,1,0,1,0.17870000000000008
philippines,pakistan,2,1,1.4244,2.332,16,19,8,0,1,0,1,-0.9075999999999997
indonesia,usa,0,2,2.6851,2.6893,24,21,12,0,0,1,-2,-0.0041999999999999815
south_korea,china,0,3,1.6721,2.6639,21,20,14,0,0,1,-3,-0.9918
mongolia,india,3,0,3.037,2.6971,34,24,12,0,1,0,3,0.3399000000000001
mexico,ethiopia,1,4,2.7478,2.8302,30,28,16,0,0,1,-3,-0.08240000000000025
peru,panama,0,2,2.0050999999999997,2.7584,17,25,16,0,0,1,-2,-0.7533000000000003
canada,iceland,3,2,4.1041,2.8234,40,27,8,0,1,0,1,1.2807
kazakhstan,singapore,1,6,2.5057,4.6337,26,32,24,0,0,1,-5,-2.128
uk,netherlands,5,1,3.5442,3.007,32,24,10,0,1,0,4,0.5371999999999999
uk,south_korea,4,3,3.3045,2.9661,26,26,14,0,1,0,1,0.33840000000000003
brazil,serbia,5,4,3.6724,3.7114000000000003,33,41,16,0,1,0,1,-0.039000000000000146
philippines,rwanda,6,1,2.6139,2.9821,27,27,12,0,1,0,5,-0.36819999999999986
germany,saudi_arabia,3,1,2.222,2.0227,21,15,12,0,1,0,2,0.19930000000000003
new_zealand,china,1,4,2.0007,3.6638,23,22,26,0,0,1,-3,-1.6631
ethiopia,india,1,2,1.5298,3.0036,16,27,22,0,0,1,-1,-1.4738
thailand,pakistan,1,2,3.2752,3.6099,26,31,10,0,0,1,-1,-0.3347000000000002
morocco,usa,2,0,2.1853000000000002,3.3074,20,28,22,0,1,0,2,-1.1220999999999997
netherlands,panama,2,1,2.787,2.9263,24,25,12,0,1,0,1,-0.13929999999999998
mexico,oman,4,3,1.5282,2.8158000000000003,17,28,18,0,1,0,1,-1.2876000000000003
uk,uae,3,5,2.8978,3.4067,27,29,12,0,0,1,-2,-0.5088999999999997
philippines,germany,2,5,2.2807,3.7561999999999998,22,32,10,0,0,1,-3,-1.4754999999999998
south_korea,indonesia,1,7,2.9536000000000002,3.2643999999999997,26,34,14,0,0,1,-6,-0.3107999999999995
guatemala,peru,0,4,2.583,3.5223,25,35,10,0,0,1,-4,-0.9392999999999998
iceland,switzerland,2,3,3.4017000000000004,2.2323,30,27,8,0,0,1,-1,1.1694000000000004
france,mongolia,3,2,2.5421,3.4827000000000004,26,33,16,0,1,0,1,-0.9406000000000003
singapore,canada,2,6,1.9881,3.3608000000000002,21,32,10,0,0,1,-4,-1.3727000000000003
kazakhstan,vietnam,1,2,2.4434,1.9889,20,19,6,0,0,1,-1,0.4545000000000001
thailand,netherlands,3,7,2.382,2.3598000000000003,22,22,14,0,0,1,-4,0.022199999999999775
canada,india,2,1,2.7878,2.2172,27,21,16,0,1,0,1,0.5705999999999998
uae,ethiopia,2,1,1.6193,3.0088,19,25,11,0,1,0,1,-1.3895
oman,iceland,0,2,2.8144,4.0595,30,30,26,0,0,1,-2,-1.2450999999999999
peru,serbia,4,2,2.7614,2.9132,31,24,14,0,1,0,2,-0.1517999999999997
vietnam,serbia,1,5,2.3941,3.8527,25,28,16,0,0,1,-4,-1.4586000000000001
peru,saudi_arabia,2,1,2.4471,1.7976999999999999,24,16,14,0,1,0,1,0.6494
mexico,germany,2,3,3.1894,3.7984999999999998,28,34,28,0,0,1,-1,-0.6090999999999998
philippines,mongolia,4,1,3.247,1.8616,34,23,10,0,1,0,3,1.3854
kazakhstan,switzerland,4,3,3.1463,2.7222,31,27,6,0,1,0,1,0.42410000000000014
uk,morocco,1,6,2.1109999999999998,4.7907,24,39,12,0,0,1,-5,-2.6797000000000004
china,new_zealand,1,2,2.5964,2.5462000000000002,22,25,10,0,0,1,-1,0.0501999999999998
brazil,pakistan,2,5,1.2171,4.4621,10,35,26,0,0,1,-3,-3.245
france,usa,3,2,2.9951,2.9157,23,24,10,0,1,0,1,0.07939999999999969
panama,rwanda,1,0,2.9416,2.9675000000000002,28,27,14,0,1,0,1,-0.025900000000000034
guatemala,brazil,2,4,4.2247,3.0253,43,30,8,0,0,1,-2,1.1994000000000002
serbia,china,0,2,1.9230999999999998,4.2433,20,34,18,0,0,1,-2,-2.3202
canada,rwanda,3,2,2.9664,2.1195,27,20,6,0,1,0,1,0.8469000000000002
pakistan,guatemala,4,5,4.6358,3.3120000000000003,43,31,10,0,0,1,-1,1.3237999999999994
saudi_arabia,philippines,1,4,1.4386,2.3699,14,22,10,0,0,1,-3,-0.9312999999999998
usa,morocco,5,4,3.0503,4.9608,30,40,22,0,1,0,1,-1.9104999999999999
india,iceland,0,4,2.7119999999999997,2.6577,31,25,6,0,0,1,-4,0.05429999999999957
singapore,oman,2,3,2.869,4.3039,25,35,14,0,0,1,-1,-1.4348999999999994
panama,france,3,4,3.3578,2.9508,26,26,16,0,0,1,-1,0.40700000000000003
vietnam,ethiopia,2,4,1.7635999999999998,3.9424,19,31,22,0,0,1,-2,-2.1788000000000003
uk,mexico,0,3,2.8763,3.5778,26,29,16,0,0,1,-3,-0.7014999999999998
mongolia,vietnam,2,3,2.5895,2.4981,23,23,6,0,0,1,-1,0.09140000000000015
indonesia,netherlands,2,3,1.8193,2.1159,22,18,4,0,0,1,-1,-0.2966
germany,new_zealand,3,2,1.6578,2.6682,14,21,18,0,1,0,1,-1.0104000000000002
thailand,south_korea,5,4,3.738,3.5187,31,34,13,0,1,0,1,0.21930000000000005
peru,uae,3,2,3.2478000000000002,3.6612999999999998,39,34,20,0,1,0,1,-0.41349999999999953
switzerland,mongolia,3,2,2.9052,2.3112,30,25,18,0,1,0,1,0.5939999999999999
brazil,kazakhstan,2,1,4.2753,2.0977,30,23,10,0,1,0,1,2.1775999999999995
new_zealand,india,3,2,3.8205,2.5811,39,24,12,0,1,0,1,1.2393999999999998
saudi_arabia,switzerland,4,2,3.0942,1.6595,29,17,8,0,1,0,2,1.4346999999999999
peru,usa,4,3,3.5166,2.3923,35,21,12,0,1,0,1,1.1242999999999999
serbia,iceland,2,5,2.3379,2.9987,23,28,10,0,0,1,-3,-0.6608
singapore,usa,0,4,2.2963,4.0328,23,30,18,0,0,1,-4,-1.7365
kazakhstan,germany,0,3,2.0595,2.5829,21,19,12,0,0,1,-3,-0.5234000000000001
china,brazil,2,1,1.835,3.0359,17,28,6,0,1,0,1,-1.2008999999999999
pakistan,rwanda,1,4,3.2637,2.6658999999999997,25,27,8,0,0,1,-3,0.5978000000000003
morocco,uk,2,3,2.0194,2.8002000000000002,20,28,6,0,0,1,-1,-0.7808000000000002
mexico,guatemala,5,4,3.8463000000000003,2.9989000000000003,39,32,18,0,1,0,1,0.8473999999999999
oman,france,5,4,2.6197999999999997,3.6225,22,26,26,0,1,0,1,-1.0027000000000004
indonesia,ethiopia,3,4,3.1056,4.251,36,39,14,0,0,1,-1,-1.1454000000000004
panama,netherlands,3,4,2.916,2.7416,24,27,2,0,0,1,-1,0.1743999999999999
canada,south_korea,1,2,2.6551,3.6684,25,32,14,0,0,1,-1,-1.0133
vietnam,singapore,2,3,2.8165,2.9788,24,25,12,0,0,1,-1,-0.1623000000000001
kazakhstan,thailand,4,5,1.9215,2.4251,19,18,12,0,0,1,-1,-0.5036
thailand,mongolia,2,5,2.4224,2.6329000000000002,22,27,24,0,0,1,-3,-0.21050000000000013
philippines,uae,2,3,3.0393,3.3239,34,32,8,0,0,1,-1,-0.2846000000000002
thailand,peru,6,2,3.3995,2.5493,29,26,8,0,1,0,4,0.8502000000000001
ethiopia,usa,2,4,2.162,3.6361,21,32,12,0,0,1,-2,-1.4741
netherlands,saudi_arabia,0,2,2.5414,1.8897,21,19,8,0,0,1,-2,0.6517
oman,india,2,6,2.7603,4.0516,24,37,18,0,0,1,-4,-1.2912999999999997
iceland,serbia,0,4,2.4978000000000002,3.7270000000000003,23,35,16,0,0,1,-4,-1.2292
canada,pakistan,3,2,4.6247,3.1345,39,29,12,0,1,0,1,1.4901999999999997
china,uae,4,5,4.1878,1.8647,40,20,8,0,0,1,-1,2.3231
mexico,morocco,4,3,2.3031,2.2076000000000002,25,25,12,0,1,0,1,0.09549999999999992
new_zealand,indonesia,5,4,3.5877,2.8807,30,26,8,0,1,0,1,0.7069999999999999
mexico,canada,5,3,2.7776,3.7547,28,32,14,0,1,0,2,-0.9771000000000001
indonesia,mongolia,2,0,1.8021,1.8524,21,19,12,0,1,0,2,-0.05030000000000001
rwanda,germany,2,4,2.8409,2.9439,23,24,14,0,0,1,-2,-0.1030000000000002
brazil,panama,0,4,2.0994,4.0459000000000005,20,33,29,0,0,1,-4,-1.9465000000000003
south_korea,vietnam,4,2,3.1703,2.3522,26,22,16,0,1,0,2,0.8181000000000003
singapore,philippines,2,3,3.8680000000000003,4.1925,32,36,22,0,0,1,-1,-0.32449999999999957
france,guatemala,5,1,2.0577,2.7814,23,27,8,0,1,0,4,-0.7237
uk,new_zealand,2,1,2.8385,2.6644,20,24,8,0,1,0,1,0.1740999999999997
canada,thailand,3,10,2.1323,4.4997,22,38,18,0,0,1,-7,-2.3674
philippines,france,6,5,4.8227,3.4209,44,32,16,0,1,0,1,1.4018000000000002
saudi_arabia,panama,2,1,2.5473,3.4268,25,30,10,0,1,0,1,-0.8795000000000002
uae,indonesia,3,4,3.2452,1.6115,31,22,6,0,0,1,-1,1.6337000000000002
india,china,3,0,3.4955,1.4894,35,12,10,0,1,0,3,2.0061
iceland,morocco,3,2,2.5144,3.0832,27,34,6,0,1,0,1,-0.5688
ethiopia,serbia,4,5,3.8931,4.1967,36,34,22,0,0,1,-1,-0.30359999999999987
uae,mexico,0,4,1.3422,3.1181,16,30,12,0,0,1,-4,-1.7759
netherlands,pakistan,2,3,5.3192,4.2292000000000005,41,43,14,0,0,1,-1,1.0899999999999999
usa,rwanda,7,8,3.3715,3.994,27,34,26,0,0,1,-1,-0.6225
brazil,germany,4,3,4.7345,2.129,32,21,14,0,1,0,1,2.6054999999999997
oman,switzerland,4,3,3.2165,3.9905000000000004,28,35,30,0,1,0,1,-0.7740000000000005
new_zealand,uk,2,1,3.0603,2.0299,30,17,10,0,1,0,1,1.0303999999999998
vietnam,indonesia,3,0,2.7328,3.0715,24,26,10,0,1,0,3,-0.3386999999999998
saudi_arabia,guatemala,1,2,2.8996,2.2497,30,21,10,0,0,1,-1,0.6499000000000001
peru,singapore,3,0,3.1418,2.8764000000000003,29,22,10,0,1,0,3,0.26539999999999964
kazakhstan,mongolia,0,3,1.5985,2.3697,18,23,12,0,0,1,-3,-0.7711999999999999
south_korea,guatemala,4,2,2.6535,2.9891,30,25,20,0,1,0,2,-0.3355999999999999
saudi_arabia,usa,5,0,2.8357,3.3733,24,33,12,0,1,0,5,-0.5375999999999999
thailand,uae,3,4,3.8182,1.6406,32,18,14,0,0,1,-1,2.1776
panama,mongolia,4,3,4.8449,2.9254,37,32,22,0,1,0,1,1.9195000000000002
new_zealand,france,3,4,2.1807,2.9106,18,25,16,0,0,1,-1,-0.7299000000000002
canada,rwanda,5,1,2.7934,2.1707,24,21,14,0,1,0,4,0.6227
germany,serbia,1,5,2.3539,4.8846,23,36,16,0,0,1,-4,-2.5307
morocco,singapore,1,3,2.4081,2.2392,21,27,8,0,0,1,-2,0.16890000000000027
serbia,new_zealand,4,6,2.9715,3.1903,24,27,16,0,0,1,-2,-0.21880000000000033
south_korea,guatemala,2,5,1.9337,5.1437,27,35,31,0,0,1,-3,-3.21
pakistan,brazil,5,3,3.4603,2.6283,37,21,8,0,1,0,2,0.8320000000000003
china,india,0,2,3.2239,1.9589,27,22,12,0,0,1,-2,1.265
ethiopia,uk,6,5,3.3374,4.572900000000001,32,37,10,0,1,0,1,-1.2355000000000005
philippines,kazakhstan,0,1,1.7298,1.492,17,13,10,0,0,1,-1,0.2378
peru,iceland,4,1,2.5273,1.5964,27,15,18,0,1,0,3,0.9308999999999998
netherlands,switzerland,4,3,2.4144,1.9068,25,24,4,0,1,0,1,0.5076
oman,indonesia,4,2,2.7134,3.3369,24,32,16,0,1,0,2,-0.6234999999999999
mongolia,thailand,1,4,1.4987,4.3575,23,32,30,0,0,1,-3,-2.8588
south_korea,saudi_arabia,2,3,1.4338,2.3015999999999996,16,19,16,0,0,1,-1,-0.8677999999999997
ethiopia,thailand,4,2,2.1217,2.9768000000000003,21,25,18,0,1,0,2,-0.8551000000000002
rwanda,canada,4,3,2.6328,4.4098,26,36,14,0,1,0,1,-1.7769999999999997
pakistan,switzerland,3,4,3.2808,2.4222,30,21,24,0,0,1,-1,0.8586
serbia,panama,3,9,2.6183,4.5136,25,40,20,0,0,1,-6,-1.8953000000000002
uae,iceland,0,4,1.1242,2.0888999999999998,14,24,4,0,0,1,-4,-0.9646999999999997
indonesia,india,6,2,5.2062,2.8398,45,29,14,0,1,0,4,2.3664
brazil,morocco,3,2,2.9789,3.4795,25,38,8,0,1,0,1,-0.5005999999999999
germany,singapore,1,2,3.5427,2.428,25,22,8,0,0,1,-1,1.1147
kazakhstan,ethiopia,1,3,2.2163,3.6328,27,30,8,0,0,1,-2,-1.4165
china,oman,1,0,1.55,2.0825,15,19,12,0,1,0,1,-0.5325
vietnam,new_zealand,3,2,1.8560999999999999,3.3582,15,25,14,0,1,0,1,-1.5021000000000002
rwanda,india,1,2,2.5636,2.1747,25,19,16,0,0,1,-1,0.3889
uk,guatemala,2,3,4.1006,1.7709000000000001,35,18,2,0,0,1,-1,2.3297
france,philippines,1,5,2.402,3.9168,19,35,13,0,0,1,-4,-1.5147999999999997
peru,mexico,2,1,3.061,4.8976999999999995,36,39,20,0,1,0,1,-1.8366999999999996
serbia,rwanda,3,2,2.699,2.4951,25,25,10,0,1,0,1,0.20389999999999997
saudi_arabia,panama,2,3,2.2068,3.6152,19,30,16,0,0,1,-1,-1.4084000000000003
thailand,ethiopia,4,3,2.7968,4.0641,26,34,20,0,1,0,1,-1.2672999999999996
morocco,new_zealand,4,0,1.9098,2.7891,16,28,14,0,1,0,4,-0.8793
indonesia,china,2,1,3.5980999999999996,2.9899,38,24,8,0,1,0,1,0.6081999999999996
pakistan,germany,6,3,3.7115,2.7345,30,20,14,0,1,0,3,0.9769999999999999
switzerland,peru,2,3,3.0,2.4495,29,25,12,0,0,1,-1,0.5505
pakistan,indonesia,1,0,3.4085,2.3975,29,21,20,0,1,0,1,1.0110000000000001
guatemala,oman,5,4,4.2315000000000005,3.5692000000000004,36,33,16,0,1,0,1,0.6623000000000001
philippines,mexico,3,5,2.3956,2.7998,23,28,6,0,0,1,-2,-0.4041999999999999
usa,france,4,3,3.5532000000000004,3.7546999999999997,30,29,18,0,1,0,1,-0.20149999999999935
mongolia,canada,4,3,2.0867,4.2341,22,32,22,0,1,0,1,-2.1473999999999998
india,netherlands,0,1,2.6010999999999997,1.0942,29,10,6,0,0,1,-1,1.5068999999999997
kazakhstan,iceland,2,3,2.6539,1.7092,24,14,14,0,0,1,-1,0.9447000000000001
brazil,vietnam,1,4,3.2944999999999998,4.5451999999999995,22,37,26,0,0,1,-3,-1.2506999999999997
uae,uk,3,4,2.6401,3.8118,22,30,16,0,0,1,-1,-1.1717
singapore,south_korea,3,7,2.468,6.3542000000000005,22,45,26,0,0,1,-4,-3.8862000000000005
usa,uae,3,2,1.7355,3.5459,21,27,20,0,1,0,1,-1.8104
brazil,china,2,3,2.8869,2.809,25,27,16,0,0,1,-1,0.07789999999999964
south_korea,thailand,6,5,4.8203,6.1415999999999995,46,46,24,0,1,0,1,-1.3213
vietnam,rwanda,3,2,2.267,5.1494,22,44,18,0,1,0,1,-2.8824
new_zealand,ethiopia,0,2,1.9415,2.5825,21,18,16,0,0,1,-2,-0.641
indonesia,kazakhstan,2,3,2.2243,3.4997,18,30,12,0,0,1,-1,-1.2753999999999999
mexico,iceland,4,5,3.6297,3.3671,32,29,24,0,0,1,-1,0.26259999999999994
switzerland,china,1,4,2.2983000000000002,4.9177,31,39,20,0,0,1,-3,-2.6193999999999997
oman,pakistan,1,8,2.3567,4.9089,22,36,16,0,0,1,-7,-2.5522
canada,philippines,1,2,1.56,2.33,15,25,10,0,0,1,-1,-0.77
india,serbia,2,1,4.3078,3.5257,44,34,12,0,1,0,1,0.7821000000000002
saudi_arabia,germany,1,2,2.363,2.8254,20,23,10,0,0,1,-1,-0.46240000000000014
morocco,south_korea,4,3,2.702,3.6182000000000003,26,37,12,0,1,0,1,-0.9162000000000003
panama,singapore,8,2,6.6135,2.3966,44,24,6,0,1,0,6,4.216900000000001
netherlands,peru,2,1,1.2842,2.0647,15,22,8,0,1,0,1,-0.7805000000000002
morocco,france,5,6,2.8454,4.8849,30,50,8,0,0,1,-1,-2.0395
uk,mongolia,1,2,2.2014,2.556,19,22,15,0,0,1,-1,-0.3546
rwanda,canada,1,2,2.0765,1.738,20,15,12,0,0,1,-1,0.3384999999999998
thailand,china,4,5,2.7332,4.2292000000000005,25,29,22,0,0,1,-1,-1.4960000000000004
guatemala,vietnam,6,1,4.6719,1.1978,34,16,4,0,1,0,5,3.4741
saudi_arabia,mexico,1,2,2.6066000000000003,2.1089,20,23,8,0,0,1,-1,0.49770000000000003
south_korea,usa,0,4,2.8774,3.5291,27,28,16,0,0,1,-4,-0.6517
indonesia,singapore,3,2,3.3156,2.8334,32,26,11,0,1,0,1,0.48219999999999974
uk,switzerland,2,3,3.4631,3.6304999999999996,31,34,16,0,0,1,-1,-0.16739999999999977
germany,ethiopia,4,3,4.2607,3.9222,37,31,14,0,1,0,1,0.3384999999999998
panama,peru,3,0,2.5221999999999998,2.4255,24,22,10,0,1,0,3,0.09669999999999979
france,new_zealand,3,2,5.1787,2.9904,35,23,14,0,1,0,1,2.1883
pakistan,uk,1,6,3.4068,3.4958,29,21,14,0,0,1,-5,-0.08899999999999997
kazakhstan,uae,5,1,3.8191,1.334,36,13,8,0,1,0,4,2.4851
morocco,netherlands,4,3,2.1722,3.3319,24,29,10,0,1,0,1,-1.1597
india,iceland,5,4,3.3984,3.2039,38,31,6,0,1,0,1,0.19450000000000012
mongolia,serbia,2,1,1.5373,3.5306,21,29,20,0,1,0,1,-1.9933
oman,switzerland,2,7,2.3463,3.8571,23,33,18,0,0,1,-5,-1.5108000000000001
usa,kazakhstan,4,3,2.9680999999999997,2.6947,22,23,8,0,1,0,1,0.27339999999999964
rwanda,germany,5,4,2.5971,2.9504,23,27,14,0,1,0,1,-0.35329999999999995
oman,mexico,2,0,2.2227,1.8582999999999998,24,19,16,0,1,0,2,0.3644000000000003
thailand,philippines,4,3,2.6473,1.8334,23,19,10,0,1,0,1,0.8139000000000001
vietnam,rwanda,3,1,1.628,2.2083,13,19,9,0,1,0,2,-0.5803
ethiopia,mongolia,0,3,1.9525000000000001,2.2269,20,24,22,0,0,1,-3,-0.2744
peru,netherlands,2,1,2.6084,2.3668,26,20,12,0,1,0,1,0.24160000000000004
mexico,indonesia,3,2,3.4042,2.3110999999999997,30,26,16,0,1,0,1,1.0931000000000002
india,new_zealand,2,1,2.038,2.9176,21,24,18,0,1,0,1,-0.8796000000000004
canada,pakistan,7,1,3.3773999999999997,2.1158,29,21,8,0,1,0,6,1.2615999999999996
switzerland,germany,1,5,2.1831,3.0962,23,26,21,0,0,1,-4,-0.9131
china,singapore,4,5,2.5063,3.4767,21,30,14,0,0,1,-1,-0.9704000000000002
france,oman,3,2,2.553,3.1718,22,25,14,0,1,0,1,-0.6188000000000002
usa,mongolia,4,1,3.4551,3.4813,32,36,14,0,1,0,3,-0.026200000000000223
uk,iceland,4,1,3.8576,1.7496,31,18,6,0,1,0,3,2.108
serbia,guatemala,4,3,2.9298,2.9785,31,26,10,0,1,0,1,-0.048699999999999743
saudi_arabia,brazil,1,2,1.7972000000000001,2.9438,21,25,10,0,0,1,-1,-1.1465999999999998
panama,south_korea,3,2,2.705,3.0815,22,32,4,0,1,0,1,-0.37650000000000006
brazil,rwanda,4,1,3.3905,2.2401,26,26,8,0,1,0,3,1.1503999999999999
serbia,pakistan,1,3,2.9617,3.3975999999999997,25,30,14,0,0,1,-2,-0.43589999999999973
germany,india,4,3,3.2087,3.334,28,33,6,0,1,0,1,-0.1253000000000002
ethiopia,panama,0,3,1.7566,3.9949,21,32,20,0,0,1,-3,-2.2382999999999997
saudi_arabia,morocco,1,5,2.1349,4.5182,24,34,24,0,0,1,-4,-2.3833
oman,indonesia,4,2,2.8363,1.9353,24,18,16,0,1,0,2,0.901
germany,philippines,2,3,3.0562,3.4831,27,29,10,0,0,1,-1,-0.42689999999999984
china,peru,3,4,2.0259,2.1016,15,23,8,0,0,1,-1,-0.07569999999999988
kazakhstan,netherlands,0,4,1.8367,3.932,22,33,8,0,0,1,-4,-2.0953
philippines,new_zealand,4,3,2.2580999999999998,3.6296,22,32,14,0,1,0,1,-1.3715000000000002
iceland,usa,5,4,3.3285,3.2316000000000003,29,26,8,0,1,0,1,0.09689999999999976
uk,thailand,3,2,3.7466,4.1584,36,30,18,0,1,0,1,-0.4118000000000004
mexico,switzerland,0,4,2.5078,2.6332,27,25,18,0,0,1,-4,-0.12539999999999996
mongolia,guatemala,2,3,1.9074,3.4797000000000002,21,34,14,0,0,1,-1,-1.5723000000000003
canada,france,5,6,2.3762,5.0809,24,37,16,0,0,1,-1,-2.7047
south_korea,vietnam,3,6,3.1452,2.3672,29,19,16,0,0,1,-3,0.778
uae,singapore,5,4,3.468,3.2137000000000002,32,33,12,0,1,0,1,0.25429999999999975
panama,iceland,3,2,3.8994,1.929,33,20,8,0,1,0,1,1.9704
rwanda,pakistan,0,7,2.8363,4.3201,25,38,10,0,0,1,-7,-1.4838
serbia,morocco,3,2,2.6961,4.8748000000000005,28,37,24,0,1,0,1,-2.1787000000000005
india,saudi_arabia,1,2,3.9941,5.114,42,48,29,0,0,1,-1,-1.1199
switzerland,panama,1,5,1.7688,2.5375,20,24,10,0,0,1,-4,-0.7687000000000002
oman,usa,5,4,3.5262,3.7781000000000002,33,32,26,0,1,0,1,-0.25190000000000046
china,ethiopia,1,2,2.5493,2.825,22,26,12,0,0,1,-1,-0.27570000000000006
indonesia,germany,5,0,2.7837,3.138,28,25,6,0,1,0,5,-0.35429999999999984
philippines,vietnam,3,2,2.3453,4.8235,21,40,16,0,1,0,1,-2.4782
mongolia,iceland,2,4,2.2721,2.1243,20,20,14,0,0,1,-2,0.14780000000000015
uk,netherlands,2,3,2.9322,4.6165,27,39,12,0,0,1,-1,-1.6843000000000004
france,netherlands,3,5,3.3245,3.6959999999999997,30,32,16,0,0,1,-2,-0.3714999999999997
uae,new_zealand,1,9,1.6516,4.5079,16,40,14,0,0,1,-8,-2.8563
guatemala,thailand,2,3,3.1948000000000003,2.1063,29,23,4,0,0,1,-1,1.0885000000000002
france,kazakhstan,3,2,2.7651,2.2686,25,21,12,0,1,0,1,0.4964999999999997
mexico,south_korea,6,7,3.3427000000000002,2.9086,29,30,20,0,0,1,-1,0.4341000000000004
canada,singapore,2,0,3.5915999999999997,3.7405,31,34,14,0,1,0,2,-0.14890000000000025
brazil,peru,1,7,1.822,4.5245,16,34,22,0,0,1,-6,-2.7024999999999997
vietnam,guatemala,6,4,3.0422000000000002,4.7665,37,38,10,0,1,0,2,-1.7242999999999995
germany,brazil,2,3,2.2261,2.8657,21,23,8,0,0,1,-1,-0.6395999999999997
china,south_korea,0,5,2.5414,3.7837,25,37,16,0,0,1,-5,-1.2423000000000002
indonesia,usa,3,4,3.2391,3.1075,28,26,10,0,0,1,-1,0.13160000000000016
kazakhstan,uae,1,2,1.6049,2.5628,20,22,10,0,0,1,-1,-0.9579000000000002
germany,guatemala,5,0,3.6792,3.3745,33,30,6,0,1,0,5,0.30469999999999997
thailand,ethiopia,4,5,4.3661,3.6887999999999996,33,32,16,0,0,1,-1,0.6773000000000007
india,philippines,0,1,2.0867,1.5581,25,16,10,0,0,1,-1,0.5286
rwanda,morocco,1,2,3.5895,2.8539,37,31,16,0,0,1,-1,0.7356000000000003
pakistan,vietnam,5,4,4.9761,2.6383,39,20,26,0,1,0,1,2.3377999999999997
singapore,saudi_arabia,2,3,1.9513,2.8085,21,27,4,0,0,1,-1,-0.8572
oman,netherlands,0,5,2.3044,4.7095,22,34,30,0,0,1,-5,-2.4051000000000005
iceland,uk,3,4,2.5679,3.3806,23,26,23,0,0,1,-1,-0.8127
china,france,3,2,4.0988999999999995,4.1718,34,35,18,0,1,0,1,-0.07290000000000063
panama,serbia,3,4,3.5258000000000003,3.6369,35,31,19,0,0,1,-1,-0.11109999999999953
singapore,vietnam,2,3,4.2133,3.9971,36,33,16,0,0,1,-1,0.21620000000000017
mongolia,peru,3,4,1.8697000000000001,4.231,20,34,16,0,0,1,-1,-2.3613
canada,brazil,3,4,3.6871,3.1611000000000002,33,24,8,0,0,1,-1,0.5259999999999998
new_zealand,kazakhstan,0,4,2.4169,3.2393,21,24,30,0,0,1,-4,-0.8224
mexico,uae,3,5,3.1319000000000004,3.0946000000000002,32,27,20,0,0,1,-2,0.03730000000000011
switzerland,south_korea,3,4,2.7025,4.6415,24,41,18,0,0,1,-1,-1.9389999999999996
usa,peru,1,5,2.9464,3.0049,25,29,10,0,0,1,-4,-0.058499999999999996
switzerland,china,4,9,2.7106,4.099600000000001,27,34,16,0,0,1,-5,-1.3890000000000007
pakistan,saudi_arabia,7,2,4.0476,2.2331,36,18,16,0,1,0,5,1.8145000000000002
mexico,rwanda,3,0,3.1818,2.8918,26,28,16,0,1,0,3,0.29000000000000004
guatemala,uk,0,4,1.6284,4.1996,17,38,16,0,0,1,-4,-2.5712
canada,peru,1,2,1.4348,2.0354,14,21,10,0,0,1,-1,-0.6006
thailand,serbia,3,5,3.507,2.955,30,31,14,0,0,1,-2,0.552
philippines,india,4,3,3.5682,3.8184,33,42,10,0,1,0,1,-0.2502
oman,kazakhstan,1,0,2.2207,2.3177,19,22,10,0,1,0,1,-0.09699999999999998
indonesia,morocco,3,2,2.753,2.8825,35,24,32,0,1,0,1,-0.12949999999999973
ethiopia,singapore,7,4,2.8799,3.6106,27,27,20,0,1,0,3,-0.7306999999999997
south_korea,new_zealand,5,6,4.0871,2.5781,37,24,12,0,0,1,-1,1.5090000000000003
vietnam,france,2,3,1.8258,5.1015999999999995,16,33,20,0,0,1,-1,-3.2757999999999994
mongolia,uae,1,0,1.7121,3.0841,20,28,18,0,1,0,1,-1.3719999999999999
panama,germany,3,7,2.3964,3.1995,21,27,12,0,0,1,-4,-0.8031000000000001
canada,netherlands,2,6,2.4326000000000003,3.2975,22,28,14,0,0,1,-4,-0.8648999999999996
uae,rwanda,2,3,2.0807,2.6279,20,28,6,0,0,1,-1,-0.5471999999999997
iceland,brazil,0,8,0.5651,5.513999999999999,8,42,22,0,0,1,-8,-4.948899999999999
rwanda,thailand,1,2,1.806,1.7168,19,15,8,0,0,1,-1,0.08919999999999995
usa,oman,3,5,3.4273,4.4731000000000005,28,34,18,0,0,1,-2,-1.0458000000000007
philippines,mongolia,2,1,3.4912,1.5090999999999999,36,17,4,0,1,0,1,1.9821000000000002
singapore,pakistan,0,2,2.5459,3.908,22,33,14,0,0,1,-2,-1.3620999999999999
guatemala,china,0,3,1.7144,3.0782,20,28,14,0,0,1,-3,-1.3638
panama,indonesia,1,2,2.608,2.4142,22,22,14,0,0,1,-1,0.19379999999999997
peru,iceland,5,6,3.3603,4.3378,37,39,18,0,0,1,-1,-0.9774999999999996
serbia,germany,5,2,2.5412,3.669,25,33,14,0,1,0,3,-1.1278000000000001
switzerland,mexico,6,3,2.3634,2.1758,23,22,12,0,1,0,3,0.18759999999999977
china,oman,4,5,2.0905,3.6321,19,33,18,0,0,1,-1,-1.5415999999999999
kazakhstan,canada,1,4,1.682,3.865,14,27,20,0,0,1,-3,-2.1830000000000003
france,uk,1,2,2.9406,1.7785,25,14,6,0,0,1,-1,1.1621
uae,morocco,4,0,3.67,1.5499,38,15,14,0,1,0,4,2.1201
ethiopia,new_zealand,2,4,1.3914,3.8055,15,30,29,0,0,1,-2,-2.4141
vietnam,saudi_arabia,3,4,3.0455,2.7808,31,23,10,0,0,1,-1,0.26469999999999994
netherlands,south_korea,7,2,2.903,2.8756,26,27,14,0,1,0,5,0.02740000000000009
guatemala,rwanda,2,1,2.2264,2.0141,23,23,6,0,1,0,1,0.21229999999999993
serbia,mongolia,0,2,3.3718,1.3989,30,17,16,0,0,1,-2,1.9728999999999999
philippines,saudi_arabia,2,3,1.748,2.8243,20,24,12,0,0,1,-1,-1.0763
panama,thailand,0,3,2.5473,3.7393,26,29,12,0,0,1,-3,-1.1920000000000002
singapore,china,4,3,2.7965,3.2329,27,28,8,0,1,0,1,-0.4363999999999999
saudi_arabia,philippines,2,1,2.6724,3.0126,24,30,12,0,1,0,1,-0.34019999999999984
morocco,ethiopia,4,6,4.7382,3.6764,45,35,18,0,0,1,-2,1.0617999999999999
indonesia,china,3,4,2.704,2.8122,34,23,8,0,0,1,-1,-0.10819999999999963
new_zealand,india,3,4,2.0903,3.0976,21,25,14,0,0,1,-1,-1.0072999999999999
pakistan,south_korea,1,3,2.7544,3.5067000000000004,23,31,20,0,0,1,-2,-0.7523000000000004
peru,switzerland,3,1,2.2523,1.0268,26,13,8,0,1,0,2,1.2255
oman,uk,3,2,3.1031,4.8595,25,34,14,0,1,0,1,-1.7563999999999997
germany,france,3,2,2.6824,3.2045,24,25,20,0,1,0,1,-0.5221
kazakhstan,usa,1,5,2.5308,2.7857000000000003,23,23,6,0,0,1,-4,-0.2549000000000001
brazil,canada,4,0,3.5254,2.3635,26,25,12,0,1,0,4,1.1618999999999997
vietnam,iceland,2,1,2.1307,2.9972999999999996,21,22,16,0,1,0,1,-0.8665999999999996
ethiopia,serbia,3,4,3.077,2.4779,26,21,16,0,0,1,-1,0.5991
singapore,mexico,4,3,2.6647,4.4604,22,31,16,0,1,0,1,-1.7957
uae,netherlands,0,2,2.8615,2.5116,32,26,6,0,0,1,-2,0.3498999999999999
singapore,thailand,7,2,3.9341999999999997,3.465,31,28,16,0,1,0,5,0.46919999999999984
serbia,ethiopia,4,3,3.5224,4.8349,36,36,16,0,1,0,1,-1.3125
philippines,saudi_arabia,2,1,1.8221,3.0806,19,23,12,0,1,0,1,-1.2585
france,usa,4,3,3.1835,3.1607000000000003,30,24,16,0,1,0,1,0.02279999999999971
india,peru,2,1,4.9612,2.7498,49,29,16,0,1,0,1,2.2114
germany,south_korea,1,6,1.8164,3.6563,17,33,6,0,0,1,-5,-1.8398999999999999
uae,kazakhstan,2,3,2.1355999999999997,1.8359,18,22,6,0,0,1,-1,0.29969999999999963
iceland,indonesia,2,1,1.7971,2.2208,16,22,10,0,1,0,1,-0.4237000000000002
panama,india,1,5,1.628,3.7183,19,33,16,0,0,1,-4,-2.0903
rwanda,switzerland,0,1,3.4107,1.4919,32,14,10,0,0,1,-1,1.9187999999999998
pakistan,canada,1,4,3.633,3.8896,30,30,20,0,0,1,-3,-0.25660000000000016
china,uk,2,3,3.0324,2.8324,26,23,10,0,0,1,-1,0.20000000000000018
panama,new_zealand,2,0,2.8912999999999998,2.7580999999999998,26,23,8,0,1,0,2,0.13319999999999999
guatemala,vietnam,3,2,1.9435,3.1336,18,32,12,0,1,0,1,-1.1901
netherlands,morocco,2,0,2.4356,2.1599,24,24,14,0,1,0,2,0.27570000000000006
brazil,mongolia,0,2,4.6061,1.2823,35,17,12,0,0,1,-2,3.3237999999999994
thailand,south_korea,5,4,5.0622,2.0091,35,23,6,0,1,0,1,3.0530999999999997
morocco,uk,4,3,3.4008000000000003,4.0728,30,40,10,0,1,0,1,-0.6719999999999997
rwanda,china,4,3,2.0557,2.7374,25,25,8,0,1,0,1,-0.6817000000000002
switzerland,pakistan,1,2,2.1224,3.6781,24,30,18,0,0,1,-1,-1.5557000000000003
mongolia,new_zealand,0,3,1.3809,2.51,17,19,10,0,0,1,-3,-1.1290999999999998
usa,pakistan,1,7,1.6213,5.7939,16,42,20,0,0,1,-6,-4.1726
saudi_arabia,vietnam,3,2,3.5058,2.9167,29,28,18,0,1,0,1,0.5890999999999997
peru,oman,5,1,3.747,2.444,27,25,8,0,1,0,4,1.303
ethiopia,mexico,3,5,2.9167,2.6978,31,27,10,0,0,1,-2,0.2189000000000001
kazakhstan,indonesia,1,3,2.3495,2.3411,24,20,8,0,0,1,-2,0.008399999999999963
iceland,panama,1,2,1.8935,2.4765,18,21,14,0,0,1,-1,-0.5830000000000002
serbia,singapore,3,1,3.8814,2.0827,29,21,8,0,1,0,2,1.7987000000000002
switzerland,france,3,2,2.1766,2.0327,23,19,8,0,1,0,1,0.14389999999999992
uae,guatemala,1,0,1.2919,2.9425,20,24,20,0,1,0,1,-1.6505999999999998
kazakhstan,morocco,4,1,2.8609,3.2091000000000003,24,27,13,0,1,0,3,-0.3482000000000003
india,canada,3,0,2.7071,1.9556,25,17,20,0,1,0,3,0.7515000000000001
brazil,philippines,3,2,2.2004,3.8844999999999996,20,34,18,0,1,0,1,-1.6840999999999995
germany,netherlands,1,3,2.8981000000000003,3.6208,24,28,18,0,0,1,-2,-0.7226999999999997
china,usa,1,2,4.2211,3.1759,34,25,16,0,0,1,-1,1.0452
thailand,saudi_arabia,0,2,4.2356,1.7490999999999999,35,19,10,0,0,1,-2,2.4865
pakistan,kazakhstan,3,2,3.7258999999999998,2.6546000000000003,31,23,10,0,1,0,1,1.0712999999999995
singapore,peru,1,2,3.2274,2.3776,22,24,6,0,0,1,-1,0.8497999999999997
panama,germany,3,2,2.416,3.1,21,25,10,0,1,0,1,-0.6840000000000002
morocco,indonesia,1,2,2.8529,4.1171,30,43,18,0,0,1,-1,-1.2641999999999998
guatemala,india,0,7,2.5450999999999997,3.4584,28,35,18,0,0,1,-7,-0.9133000000000004
uk,usa,1,2,3.0697,4.1215,27,33,18,0,0,1,-1,-1.0518
rwanda,mongolia,3,2,1.81,2.9347,19,26,31,0,1,0,1,-1.1246999999999998
mexico,new_zealand,1,3,2.751,1.55,21,15,20,0,0,1,-2,1.2009999999999998
ethiopia,france,3,4,2.3181000000000003,3.4199,22,31,14,0,0,1,-1,-1.1018
vietnam,oman,2,6,3.3817,3.5255,26,27,18,0,0,1,-4,-0.14380000000000015
canada,serbia,0,2,2.0147,3.1951,22,30,6,0,0,1,-2,-1.1804000000000001
philippines,iceland,1,2,1.5979,3.373,18,28,8,0,0,1,-1,-1.7751000000000001
uae,switzerland,2,4,2.2233,1.9747,21,25,10,0,0,1,-2,0.24860000000000015
south_korea,brazil,2,4,2.1219,3.6497,25,26,22,0,0,1,-2,-1.5278
germany,saudi_arabia,5,2,2.6275,2.2473,25,18,10,0,1,0,3,0.38019999999999987
uae,morocco,3,2,1.6939,5.3136,21,49,18,0,1,0,1,-3.6197
iceland,indonesia,1,3,2.4622,2.473,22,25,14,0,0,1,-2,-0.010799999999999699
serbia,uk,3,8,2.302,6.1366,20,40,32,0,0,1,-5,-3.8345999999999996
netherlands,thailand,2,3,2.4674,2.4822,24,24,8,0,0,1,-1,-0.014800000000000146
new_zealand,rwanda,2,3,2.1,2.6924,18,23,12,0,0,1,-1,-0.5924
philippines,pakistan,0,3,2.5841,1.9426,24,18,4,0,0,1,-3,0.6414999999999997
france,oman,1,2,3.0933,3.5457,26,29,13,0,0,1,-1,-0.4523999999999999
usa,singapore,3,2,3.6705,2.8571,32,26,14,0,1,0,1,0.8134000000000001
indonesia,panama,1,4,2.7661,2.8447,25,26,2,0,0,1,-3,-0.07860000000000023
south_korea,mexico,3,1,2.708,3.4508,29,32,10,0,1,0,2,-0.7427999999999999
india,guatemala,3,4,2.383,3.0295,29,27,16,0,0,1,-1,-0.6465000000000001
china,iceland,2,1,3.012,2.4972000000000003,25,21,16,0,1,0,1,0.5147999999999997
germany,south_korea,1,2,2.9174,2.6077,26,20,14,0,0,1,-1,0.3097000000000003
brazil,switzerland,3,1,2.5083,2.0236,23,23,22,0,1,0,2,0.48470000000000013
mongolia,kazakhstan,4,0,3.6951,2.9253,31,27,12,0,1,0,4,0.7698
vietnam,ethiopia,3,4,1.7962,2.9949,18,25,16,0,0,1,-1,-1.1986999999999999
pakistan,india,3,4,5.8885000000000005,2.5717999999999996,47,25,20,0,0,1,-1,3.316700000000001
china,saudi_arabia,2,1,1.7711,1.8176,16,16,12,0,1,0,1,-0.04650000000000021
uk,peru,0,2,2.2151,2.5335,20,23,14,0,0,1,-2,-0.3184
morocco,iceland,3,4,2.0201,2.0823,22,23,16,0,0,1,-1,-0.062200000000000255
canada,serbia,0,3,2.7091,2.8027,28,22,10,0,0,1,-3,-0.09360000000000035
germany,kazakhstan,4,3,2.0100000000000002,2.6103,17,23,16,0,1,0,1,-0.6002999999999998
oman,rwanda,1,3,2.1962,3.6111,21,32,14,0,0,1,-2,-1.4148999999999998
mongolia,mexico,2,3,1.9511,3.7579,23,32,8,0,0,1,-1,-1.8067999999999997
usa,south_korea,3,2,3.6302,3.9814,29,35,16,0,1,0,1,-0.35119999999999996
new_zealand,guatemala,6,5,2.5315,4.4301,31,32,17,0,1,0,1,-1.8986000000000005
mexico,panama,3,2,3.2837,3.9619,25,35,10,0,1,0,1,-0.6781999999999999
philippines,brazil,2,3,3.3356999999999997,3.7342,35,27,16,0,0,1,-1,-0.3985000000000003
ethiopia,vietnam,1,0,2.6974,2.3203,24,22,10,0,1,0,1,0.3771
switzerland,uae,2,1,2.1396,3.1114,25,31,16,0,1,0,1,-0.9718
netherlands,indonesia,3,5,3.3346,2.9732,28,31,10,0,0,1,-2,0.36140000000000017
singapore,france,3,2,2.9067,3.3266999999999998,23,27,14,0,1,0,1,-0.41999999999999993
thailand,mongolia,4,1,3.1867,1.2278,27,15,20,0,1,0,3,1.9589
rwanda,saudi_arabia,3,2,2.9493,2.7219,28,22,16,0,1,0,1,0.22739999999999982
thailand,guatemala,6,3,4.4458,2.9314999999999998,37,28,14,0,1,0,3,1.5143000000000004
uae,thailand,2,8,1.8963999999999999,5.4049,20,37,20,0,0,1,-6,-3.5084999999999997
panama,usa,3,4,3.6516,3.2987,34,29,12,0,0,1,-1,0.3529
new_zealand,oman,5,4,3.1324,3.2493,25,26,22,0,1,0,1,-0.11689999999999978
serbia,germany,5,4,3.4021,3.9779999999999998,27,32,10,0,1,0,1,-0.5758999999999999
peru,morocco,6,1,2.3767,2.5317000000000003,32,27,4,0,1,0,5,-0.15500000000000025
pakistan,singapore,6,3,3.3308999999999997,2.4403,29,21,16,0,1,0,3,0.8905999999999996
india,indonesia,1,4,2.8245999999999998,2.5719,32,26,14,0,0,1,-3,0.2526999999999999
guatemala,kazakhstan,5,1,3.6878,1.3452,34,21,8,0,1,0,4,2.3426
switzerland,china,0,4,1.1465,3.6063,13,33,6,0,0,1,-4,-2.4598
philippines,mexico,4,3,1.8762999999999999,3.603,17,33,8,0,1,0,1,-1.7267000000000003
netherlands,ethiopia,1,3,2.0778,2.3194999999999997,21,24,10,0,0,1,-2,-0.2416999999999998
vietnam,canada,0,4,1.0903,2.8871,12,23,19,0,0,1,-4,-1.7968000000000002
iceland,mongolia,3,2,3.0392,3.3138,25,36,10,0,1,0,1,-0.27459999999999996
france,vietnam,3,4,2.5049,2.6830000000000003,19,23,8,0,0,1,-1,-0.17810000000000015
uk,netherlands,0,1,2.0525,1.4183000000000001,20,13,2,0,0,1,-1,0.6342000000000001
canada,brazil,3,5,2.1817,3.3882,23,28,8,0,0,1,-2,-1.2064999999999997
ethiopia,south_korea,4,5,3.4455,3.0051,32,31,20,0,0,1,-1,0.4403999999999999
india,uk,3,8,2.5987999999999998,4.2677,26,34,16,0,0,1,-5,-1.6688999999999998
saudi_arabia,panama,4,3,3.834,4.1528,31,30,20,0,1,0,1,-0.3188
morocco,china,1,6,1.7969,4.4168,21,41,8,0,0,1,-5,-2.6199000000000003
canada,germany,4,1,2.526,2.5235,25,23,10,0,1,0,3,0.0024999999999999467
indonesia,serbia,5,3,2.9625,2.5208,33,20,8,0,1,0,2,0.4417
brazil,singapore,5,2,4.6209999999999996,2.1128,32,25,4,0,1,0,3,2.5081999999999995
new_zealand,singapore,1,3,3.1022,2.0721,28,18,6,0,0,1,-2,1.0301
peru,kazakhstan,6,2,3.4367,1.7119,28,18,10,0,1,0,4,1.7248
south_korea,philippines,0,4,3.0587,2.0476,26,21,8,0,0,1,-4,1.0110999999999999
rwanda,iceland,7,6,3.9753,5.1684,41,44,20,0,1,0,1,-1.1931000000000003
thailand,mongolia,5,4,4.5016,2.5089,39,27,20,0,1,0,1,1.9926999999999997
switzerland,ethiopia,4,5,3.4667,1.6962,32,19,6,0,0,1,-1,1.7705
netherlands,oman,4,5,5.2163,4.5706999999999995,43,37,14,0,0,1,-1,0.6456000000000008
mexico,guatemala,4,2,3.2526,3.2978,32,35,6,0,1,0,2,-0.04519999999999991
vietnam,pakistan,1,2,2.4657999999999998,2.9072,23,24,8,0,0,1,-1,-0.44140000000000024
brazil,usa,2,5,2.3741,2.1725,20,20,17,0,0,1,-3,0.2016
netherlands,new_zealand,5,3,2.3286,2.1757,21,23,4,0,1,0,2,0.1528999999999998
france,uae,4,3,3.0961,2.3526,28,22,12,0,1,0,1,0.7435
china,usa,9,2,3.5189,2.6222,29,27,10,0,1,0,7,0.8967
ethiopia,pakistan,2,1,2.8329,2.803,24,24,22,0,1,0,1,0.029900000000000038
guatemala,saudi_arabia,1,0,2.2143,2.2762000000000002,21,22,14,0,1,0,1,-0.061900000000000066
peru,south_korea,4,5,3.0094,2.8503,28,27,20,0,0,1,-1,0.15910000000000002
kazakhstan,rwanda,3,8,3.3668,3.606,27,27,14,0,0,1,-5,-0.23919999999999986
india,mongolia,0,1,2.0798,1.332,20,16,8,0,0,1,-1,0.7478
uae,indonesia,1,5,2.0766,2.2849,22,28,8,0,0,1,-4,-0.20829999999999993
switzerland,morocco,1,2,1.9606,1.5887,24,16,15,0,0,1,-1,0.3718999999999999
mexico,thailand,3,4,1.7067999999999999,2.5609,20,21,12,0,0,1,-1,-0.8541000000000003
france,peru,0,4,1.4355,2.8289,15,24,12,0,0,1,-4,-1.3934
uk,oman,1,3,3.1797,3.1128,24,27,10,0,0,1,-2,0.06689999999999996
vietnam,panama,1,6,2.0166999999999997,4.0606,19,29,12,0,0,1,-5,-2.0439000000000003
canada,new_zealand,3,4,2.8192,3.2265,20,24,18,0,0,1,-1,-0.4073000000000002
serbia,philippines,2,1,3.5952,2.6524,37,31,6,0,1,0,1,0.9428000000000001
france,germany,3,5,4.4378,3.1249000000000002,32,26,10,0,0,1,-2,1.3129
brazil,netherlands,0,3,1.7504,2.2875,18,18,18,0,0,1,-3,-0.5371000000000001
singapore,iceland,5,3,2.4371,3.4948,24,28,15,0,1,0,2,-1.0577
thailand,iceland,3,4,4.4952,2.0076,34,19,25,0,0,1,-1,2.4875999999999996
canada,morocco,1,2,2.1975000000000002,1.8632,25,19,8,0,0,1,-1,0.33430000000000026
indonesia,rwanda,0,3,0.8347,2.6261,10,25,14,0,0,1,-3,-1.7914
india,thailand,2,3,3.7453,3.4001,34,26,12,0,0,1,-1,0.34519999999999973
mongolia,france,3,4,2.3889,4.4128,22,34,22,0,0,1,-1,-2.0239
uae,peru,3,2,1.9653,2.745,21,27,8,0,1,0,1,-0.7797000000000001
new_zealand,usa,3,4,3.7631,3.3974,38,27,12,0,0,1,-1,0.3656999999999999
saudi_arabia,south_korea,4,5,2.4215,3.0061,22,31,8,0,0,1,-1,-0.5846
netherlands,china,4,2,2.4706,2.5529,26,24,8,0,1,0,2,-0.08230000000000004
germany,pakistan,6,5,3.4574,4.1249,31,32,16,0,1,0,1,-0.6675000000000004
philippines,oman,3,2,3.5448,2.2003,32,21,8,0,1,0,1,1.3445
singapore,india,1,4,2.6496,4.178,28,38,16,0,0,1,-3,-1.5284
panama,ethiopia,2,5,2.639,5.0293,26,37,25,0,0,1,-3,-2.3903000000000003
brazil,serbia,1,5,5.0892,3.5271999999999997,40,31,16,0,0,1,-4,1.5620000000000003
singapore,oman,5,2,2.8662,3.3641,27,30,10,0,1,0,3,-0.4979
guatemala,vietnam,1,2,3.6925999999999997,2.0696,32,21,20,0,0,1,-1,1.6229999999999998
kazakhstan,mexico,5,6,1.6378,4.2219,17,33,20,0,0,1,-1,-2.5841
switzerland,uk,3,4,3.1004,5.4562,34,50,26,0,0,1,-1,-2.3558
peru,thailand,2,4,2.138,2.634,23,21,8,0,0,1,-2,-0.496
usa,saudi_arabia,2,7,2.9406,3.1807,24,27,14,0,0,1,-5,-0.24009999999999998
mongolia,morocco,3,4,2.3072,3.44,26,35,18,0,0,1,-1,-1.1328
rwanda,guatemala,3,2,2.7619,2.7431,33,19,20,0,1,0,1,0.018799999999999706
pakistan,iceland,0,4,2.1206,3.5791,21,31,16,0,0,1,-4,-1.4585
indonesia,singapore,2,3,2.9465,2.1456999999999997,30,19,10,0,0,1,-1,0.8008000000000002
germany,south_korea,4,7,2.3912,3.2923999999999998,21,29,10,0,0,1,-3,-0.9011999999999998
philippines,usa,2,3,2.4896,2.8271,24,27,6,0,0,1,-1,-0.33750000000000036
kazakhstan,china,4,2,2.4513,2.5387,25,21,10,0,1,0,2,-0.08740000000000014
ethiopia,philippines,4,3,3.8341000000000003,2.8348,32,29,10,0,1,0,1,0.9993000000000003
uae,serbia,4,3,4.4135,4.0852,39,40,9,0,1,0,1,0.3282999999999996
mexico,canada,4,5,3.1069,3.3827000000000003,32,32,16,0,0,1,-1,-0.27580000000000027
switzerland,netherlands,1,2,1.9319,2.6582,24,22,16,0,0,1,-1,-0.7263
new_zealand,vietnam,5,3,2.6004,3.6411,22,28,12,0,1,0,2,-1.0406999999999997
india,oman,2,7,2.7872999999999997,2.8762,23,26,12,0,0,1,-5,-0.0889000000000002
brazil,france,4,2,2.8405,3.4059,21,27,14,0,1,0,2,-0.5653999999999999
panama,uk,1,3,2.8981,3.3489,25,28,8,0,0,1,-2,-0.4508000000000001
rwanda,new_zealand,3,4,3.6733000000000002,4.0677,31,32,18,0,0,1,-1,-0.3944000000000001
mongolia,guatemala,0,4,1.7907,4.551,30,32,24,0,0,1,-4,-2.7603
oman,china,5,3,2.6670000000000003,3.8595,28,27,18,0,1,0,2,-1.1925
germany,ethiopia,1,2,2.2756,3.0308,20,24,10,0,0,1,-1,-0.7552000000000003
morocco,philippines,0,4,1.6158000000000001,3.8845,20,34,22,0,0,1,-4,-2.2687
serbia,france,2,5,3.0881,2.7084,27,24,8,0,0,1,-3,0.3796999999999997
panama,pakistan,2,1,2.7055,3.0540000000000003,24,28,2,0,1,0,1,-0.3485000000000005
saudi_arabia,netherlands,2,0,2.5106,2.2659000000000002,24,23,6,0,1,0,2,0.24469999999999992
indonesia,guatemala,2,1,2.3937999999999997,3.0139,34,28,12,0,1,0,1,-0.6201000000000003
brazil,india,0,2,2.9224,2.3179,23,25,17,0,0,1,-2,0.6045000000000003
iceland,usa,3,2,4.0319,4.1745,33,37,14,0,1,0,1,-0.14259999999999984
south_korea,uk,2,6,3.3681,3.9826,27,30,8,0,0,1,-4,-0.6145
germany,pakistan,3,4,3.3015,3.4774,28,28,6,0,0,1,-1,-0.17589999999999995
canada,vietnam,3,7,2.785,3.0563000000000002,22,26,14,0,0,1,-4,-0.2713000000000001
mexico,mongolia,3,4,5.0446,2.4731,40,27,10,0,0,1,-1,2.5715
peru,switzerland,5,1,4.746,2.1269,38,24,8,0,1,0,4,2.6191000000000004
uae,singapore,2,3,2.9932,2.6814,27,24,14,0,0,1,-1,0.31179999999999986
thailand,kazakhstan,3,2,3.152,1.4992,26,14,16,0,1,0,1,1.6528
iceland,india,4,3,2.905,3.126,25,31,14,0,1,0,1,-0.22100000000000009
panama,morocco,2,3,2.3527,4.8163,22,44,20,0,0,1,-1,-2.4636
serbia,saudi_arabia,3,6,2.0404,2.73,22,25,14,0,0,1,-3,-0.6896
peru,mongolia,6,5,3.2641,3.288,28,30,22,0,1,0,1,-0.02389999999999981
ethiopia,germany,3,0,1.8960000000000001,4.013,18,33,14,0,1,0,3,-2.117
indonesia,peru,1,5,1.9008,3.4524,22,30,14,0,0,1,-4,-1.5515999999999999
rwanda,usa,0,3,2.4939,4.3715,26,36,16,0,0,1,-3,-1.8776000000000002
china,new_zealand,3,2,4.4074,3.0370999999999997,35,29,10,0,1,0,1,1.3703000000000003
pakistan,philippines,0,1,2.4069,2.7576,22,24,16,0,0,1,-1,-0.35070000000000023
singapore,uk,6,5,2.697,8.5078,24,48,28,0,1,0,1,-5.8107999999999995
guatemala,france,4,2,2.1565,2.6633,21,28,6,0,1,0,2,-0.5068000000000001
mexico,vietnam,3,4,2.8999,2.971,23,30,12,0,0,1,-1,-0.07109999999999994
indonesia,kazakhstan,5,0,3.3882000000000003,1.2391,31,12,6,0,1,0,5,2.1491000000000002
south_korea,canada,5,3,3.6745,2.0455,34,22,12,0,1,0,2,1.629
uae,switzerland,2,4,2.2124,3.2982,21,35,16,0,0,1,-2,-1.0857999999999999
thailand,oman,3,2,3.4265000000000003,2.79,24,29,14,0,1,0,1,0.6365000000000003
